completed_update,reward,logged_update,refresh_rounds,source_file_sha256
1,0.3326257508024295,0,1,237c21b5b79f8308b4ee5c3907aed3e4dfe8451ef1f8bc6d2447345a66954f26
2,0.1352357516128968,1,1,237c21b5b79f8308b4ee5c3907aed3e4dfe8451ef1f8bc6d2447345a66954f26
3,0.2478660501454741,2,1,237c21b5b79f8308b4ee5c3907aed3e4dfe8451ef1f8bc6d2447345a66954f26
4,0.2898542984316498,3,1,237c21b5b79f8308b4ee5c3907aed3e4dfe8451ef1f8bc6d2447345a66954f26
5,0.0562705875484684,4,1,237c21b5b79f8308b4ee5c3907aed3e4dfe8451ef1f8bc6d2447345a66954f26
6,0.2541703115812197,5,1,237c21b5b79f8308b4ee5c3907aed3e4dfe8451ef1f8bc6d2447345a66954f26
7,0.2003504922416801,6,1,237c21b5b79f8308b4ee5c3907aed3e4dfe8451ef1f8bc6d2447345a66954f26
8,0.244905296255383,7,1,237c21b5b79f8308b4ee5c3907aed3e4dfe8451ef1f8bc6d2447345a66954f26
9,0.0959075500325808,8,1,237c21b5b79f8308b4ee5c3907aed3e4dfe8451ef1f8bc6d2447345a66954f26
10,0.1176685174647775,9,1,237c21b5b79f8308b4ee5c3907aed3e4dfe8451ef1f8bc6d2447345a66954f26
11,0.5022609107391565,10,1,237c21b5b79f8308b4ee5c3907aed3e4dfe8451ef1f8bc6d2447345a66954f26
12,0.1298281590792503,11,1,237c21b5b79f8308b4ee5c3907aed3e4dfe8451ef1f8bc6d2447345a66954f26
13,0.0774259316753998,12,1,237c21b5b79f8308b4ee5c3907aed3e4dfe8451ef1f8bc6d2447345a66954f26
14,0.2091137256496239,13,1,237c21b5b79f8308b4ee5c3907aed3e4dfe8451ef1f8bc6d2447345a66954f26
15,0.30051420078345,14,1,237c21b5b79f8308b4ee5c3907aed3e4dfe8451ef1f8bc6d2447345a66954f26
16,0.3454429969891066,15,1,237c21b5b79f8308b4ee5c3907aed3e4dfe8451ef1f8bc6d2447345a66954f26
17,0.2321047048514085,16,1,237c21b5b79f8308b4ee5c3907aed3e4dfe8451ef1f8bc6d2447345a66954f26
18,0.0874844112115975,17,1,237c21b5b79f8308b4ee5c3907aed3e4dfe8451ef1f8bc6d2447345a66954f26
19,0.3239812233391888,18,1,237c21b5b79f8308b4ee5c3907aed3e4dfe8451ef1f8bc6d2447345a66954f26
20,0.3099924526892615,19,1,237c21b5b79f8308b4ee5c3907aed3e4dfe8451ef1f8bc6d2447345a66954f26
21,0.1306999916640302,20,1,237c21b5b79f8308b4ee5c3907aed3e4dfe8451ef1f8bc6d2447345a66954f26
22,0.4073545749107716,21,1,237c21b5b79f8308b4ee5c3907aed3e4dfe8451ef1f8bc6d2447345a66954f26
23,0.3849792815288708,22,1,237c21b5b79f8308b4ee5c3907aed3e4dfe8451ef1f8bc6d2447345a66954f26
24,0.2715484291850778,23,1,237c21b5b79f8308b4ee5c3907aed3e4dfe8451ef1f8bc6d2447345a66954f26
25,0.1961929627795783,24,1,237c21b5b79f8308b4ee5c3907aed3e4dfe8451ef1f8bc6d2447345a66954f26
26,0.2217509392483976,25,1,237c21b5b79f8308b4ee5c3907aed3e4dfe8451ef1f8bc6d2447345a66954f26
27,0.1399005250834761,26,1,237c21b5b79f8308b4ee5c3907aed3e4dfe8451ef1f8bc6d2447345a66954f26
28,0.1543581157418376,27,1,237c21b5b79f8308b4ee5c3907aed3e4dfe8451ef1f8bc6d2447345a66954f26
29,0.3468784102758491,28,1,237c21b5b79f8308b4ee5c3907aed3e4dfe8451ef1f8bc6d2447345a66954f26
30,0.6690476748549372,29,1,237c21b5b79f8308b4ee5c3907aed3e4dfe8451ef1f8bc6d2447345a66954f26
31,0.2976976202133983,30,1,237c21b5b79f8308b4ee5c3907aed3e4dfe8451ef1f8bc6d2447345a66954f26
32,0.3256421911261761,31,1,237c21b5b79f8308b4ee5c3907aed3e4dfe8451ef1f8bc6d2447345a66954f26
33,0.5008509794988624,32,1,237c21b5b79f8308b4ee5c3907aed3e4dfe8451ef1f8bc6d2447345a66954f26
34,0.4637829283662427,33,1,237c21b5b79f8308b4ee5c3907aed3e4dfe8451ef1f8bc6d2447345a66954f26
35,0.3471616081957033,34,1,237c21b5b79f8308b4ee5c3907aed3e4dfe8451ef1f8bc6d2447345a66954f26
36,0.3322276758129732,35,1,237c21b5b79f8308b4ee5c3907aed3e4dfe8451ef1f8bc6d2447345a66954f26
37,0.2445011722163599,36,1,237c21b5b79f8308b4ee5c3907aed3e4dfe8451ef1f8bc6d2447345a66954f26
38,0.0884375400071106,37,1,237c21b5b79f8308b4ee5c3907aed3e4dfe8451ef1f8bc6d2447345a66954f26
39,0.4932041353094831,38,1,237c21b5b79f8308b4ee5c3907aed3e4dfe8451ef1f8bc6d2447345a66954f26
40,0.5392567154305254,39,1,237c21b5b79f8308b4ee5c3907aed3e4dfe8451ef1f8bc6d2447345a66954f26
41,0.3771386512826269,40,1,237c21b5b79f8308b4ee5c3907aed3e4dfe8451ef1f8bc6d2447345a66954f26
42,0.2026255942269738,41,1,237c21b5b79f8308b4ee5c3907aed3e4dfe8451ef1f8bc6d2447345a66954f26
43,0.2461905142758405,42,1,237c21b5b79f8308b4ee5c3907aed3e4dfe8451ef1f8bc6d2447345a66954f26
44,0.323275634231539,43,1,237c21b5b79f8308b4ee5c3907aed3e4dfe8451ef1f8bc6d2447345a66954f26
45,0.1867195526341696,44,1,237c21b5b79f8308b4ee5c3907aed3e4dfe8451ef1f8bc6d2447345a66954f26
46,0.428182944305197,45,1,237c21b5b79f8308b4ee5c3907aed3e4dfe8451ef1f8bc6d2447345a66954f26
47,0.3255181340600614,46,1,237c21b5b79f8308b4ee5c3907aed3e4dfe8451ef1f8bc6d2447345a66954f26
48,0.2967579900376798,47,1,237c21b5b79f8308b4ee5c3907aed3e4dfe8451ef1f8bc6d2447345a66954f26
49,0.2690570865700461,48,1,237c21b5b79f8308b4ee5c3907aed3e4dfe8451ef1f8bc6d2447345a66954f26
50,0.5227051491528982,49,1,237c21b5b79f8308b4ee5c3907aed3e4dfe8451ef1f8bc6d2447345a66954f26
51,0.2454381620991625,50,1,237c21b5b79f8308b4ee5c3907aed3e4dfe8451ef1f8bc6d2447345a66954f26
52,0.5253330306727761,51,1,237c21b5b79f8308b4ee5c3907aed3e4dfe8451ef1f8bc6d2447345a66954f26
53,0.3366442518861543,52,1,237c21b5b79f8308b4ee5c3907aed3e4dfe8451ef1f8bc6d2447345a66954f26
54,0.29490311703067,53,1,237c21b5b79f8308b4ee5c3907aed3e4dfe8451ef1f8bc6d2447345a66954f26
55,0.3032102045509361,54,1,237c21b5b79f8308b4ee5c3907aed3e4dfe8451ef1f8bc6d2447345a66954f26
56,0.3572609741112984,55,1,237c21b5b79f8308b4ee5c3907aed3e4dfe8451ef1f8bc6d2447345a66954f26
57,0.204083095295573,56,1,237c21b5b79f8308b4ee5c3907aed3e4dfe8451ef1f8bc6d2447345a66954f26
58,0.2371197587312394,57,1,237c21b5b79f8308b4ee5c3907aed3e4dfe8451ef1f8bc6d2447345a66954f26
59,0.2934252596088218,58,1,237c21b5b79f8308b4ee5c3907aed3e4dfe8451ef1f8bc6d2447345a66954f26
60,0.234969348832152,59,1,237c21b5b79f8308b4ee5c3907aed3e4dfe8451ef1f8bc6d2447345a66954f26
61,0.2906701331330055,60,1,237c21b5b79f8308b4ee5c3907aed3e4dfe8451ef1f8bc6d2447345a66954f26
62,0.3078609101837504,61,1,237c21b5b79f8308b4ee5c3907aed3e4dfe8451ef1f8bc6d2447345a66954f26
63,0.3651911485168284,62,1,237c21b5b79f8308b4ee5c3907aed3e4dfe8451ef1f8bc6d2447345a66954f26
64,0.2624857144191992,63,1,237c21b5b79f8308b4ee5c3907aed3e4dfe8451ef1f8bc6d2447345a66954f26
65,0.3877233584882305,64,1,237c21b5b79f8308b4ee5c3907aed3e4dfe8451ef1f8bc6d2447345a66954f26
66,0.3214662004234474,65,1,237c21b5b79f8308b4ee5c3907aed3e4dfe8451ef1f8bc6d2447345a66954f26
67,0.394130074191274,66,1,237c21b5b79f8308b4ee5c3907aed3e4dfe8451ef1f8bc6d2447345a66954f26
68,0.2318884985116891,67,1,237c21b5b79f8308b4ee5c3907aed3e4dfe8451ef1f8bc6d2447345a66954f26
69,0.3441693520611978,68,1,237c21b5b79f8308b4ee5c3907aed3e4dfe8451ef1f8bc6d2447345a66954f26
70,0.3804211215456705,69,1,237c21b5b79f8308b4ee5c3907aed3e4dfe8451ef1f8bc6d2447345a66954f26
71,0.4474626657361922,70,1,237c21b5b79f8308b4ee5c3907aed3e4dfe8451ef1f8bc6d2447345a66954f26
72,0.3384998619045234,71,1,237c21b5b79f8308b4ee5c3907aed3e4dfe8451ef1f8bc6d2447345a66954f26
73,0.4637837546997648,72,1,237c21b5b79f8308b4ee5c3907aed3e4dfe8451ef1f8bc6d2447345a66954f26
74,0.5088153202686954,73,1,237c21b5b79f8308b4ee5c3907aed3e4dfe8451ef1f8bc6d2447345a66954f26
75,0.2421627027724807,74,1,237c21b5b79f8308b4ee5c3907aed3e4dfe8451ef1f8bc6d2447345a66954f26
76,0.5519607510493643,75,1,237c21b5b79f8308b4ee5c3907aed3e4dfe8451ef1f8bc6d2447345a66954f26
77,0.2375108580644713,76,1,237c21b5b79f8308b4ee5c3907aed3e4dfe8451ef1f8bc6d2447345a66954f26
78,0.3650469824885931,77,1,237c21b5b79f8308b4ee5c3907aed3e4dfe8451ef1f8bc6d2447345a66954f26
79,0.4110617635736115,78,1,237c21b5b79f8308b4ee5c3907aed3e4dfe8451ef1f8bc6d2447345a66954f26
80,0.2618094806333459,79,1,237c21b5b79f8308b4ee5c3907aed3e4dfe8451ef1f8bc6d2447345a66954f26
81,0.3348101959718406,80,1,237c21b5b79f8308b4ee5c3907aed3e4dfe8451ef1f8bc6d2447345a66954f26
82,0.2091402065289274,81,1,237c21b5b79f8308b4ee5c3907aed3e4dfe8451ef1f8bc6d2447345a66954f26
83,0.494964294403994,82,1,237c21b5b79f8308b4ee5c3907aed3e4dfe8451ef1f8bc6d2447345a66954f26
84,0.4309190924599875,83,1,237c21b5b79f8308b4ee5c3907aed3e4dfe8451ef1f8bc6d2447345a66954f26
85,0.3760453701673327,84,1,237c21b5b79f8308b4ee5c3907aed3e4dfe8451ef1f8bc6d2447345a66954f26
86,0.3643837187140661,85,1,237c21b5b79f8308b4ee5c3907aed3e4dfe8451ef1f8bc6d2447345a66954f26
87,0.55652706937326,86,1,237c21b5b79f8308b4ee5c3907aed3e4dfe8451ef1f8bc6d2447345a66954f26
88,0.2382869804278016,87,1,237c21b5b79f8308b4ee5c3907aed3e4dfe8451ef1f8bc6d2447345a66954f26
89,0.5141218027456489,88,1,237c21b5b79f8308b4ee5c3907aed3e4dfe8451ef1f8bc6d2447345a66954f26
90,0.4817692333635932,89,1,237c21b5b79f8308b4ee5c3907aed3e4dfe8451ef1f8bc6d2447345a66954f26
91,0.3618177837779512,90,1,237c21b5b79f8308b4ee5c3907aed3e4dfe8451ef1f8bc6d2447345a66954f26
92,0.687257463651548,91,1,237c21b5b79f8308b4ee5c3907aed3e4dfe8451ef1f8bc6d2447345a66954f26
93,0.5599474671034841,92,1,237c21b5b79f8308b4ee5c3907aed3e4dfe8451ef1f8bc6d2447345a66954f26
94,0.4404239744283131,93,1,237c21b5b79f8308b4ee5c3907aed3e4dfe8451ef1f8bc6d2447345a66954f26
95,0.5626396232837578,94,1,237c21b5b79f8308b4ee5c3907aed3e4dfe8451ef1f8bc6d2447345a66954f26
96,0.475532559434112,95,1,237c21b5b79f8308b4ee5c3907aed3e4dfe8451ef1f8bc6d2447345a66954f26
97,0.498726257581751,96,1,237c21b5b79f8308b4ee5c3907aed3e4dfe8451ef1f8bc6d2447345a66954f26
98,0.4502329514652956,97,1,237c21b5b79f8308b4ee5c3907aed3e4dfe8451ef1f8bc6d2447345a66954f26
99,0.3875147894959809,98,1,237c21b5b79f8308b4ee5c3907aed3e4dfe8451ef1f8bc6d2447345a66954f26
100,0.4211193922902257,99,1,237c21b5b79f8308b4ee5c3907aed3e4dfe8451ef1f8bc6d2447345a66954f26
101,0.4110225907434142,100,1,237c21b5b79f8308b4ee5c3907aed3e4dfe8451ef1f8bc6d2447345a66954f26
102,0.4830643939130823,101,1,237c21b5b79f8308b4ee5c3907aed3e4dfe8451ef1f8bc6d2447345a66954f26
103,0.626633979724943,102,1,237c21b5b79f8308b4ee5c3907aed3e4dfe8451ef1f8bc6d2447345a66954f26
104,0.2098685867326357,103,1,237c21b5b79f8308b4ee5c3907aed3e4dfe8451ef1f8bc6d2447345a66954f26
105,0.6640604541239554,104,1,237c21b5b79f8308b4ee5c3907aed3e4dfe8451ef1f8bc6d2447345a66954f26
106,0.4559098286048801,105,1,237c21b5b79f8308b4ee5c3907aed3e4dfe8451ef1f8bc6d2447345a66954f26
107,0.6825961745635141,106,1,237c21b5b79f8308b4ee5c3907aed3e4dfe8451ef1f8bc6d2447345a66954f26
108,0.6509357594441099,107,1,237c21b5b79f8308b4ee5c3907aed3e4dfe8451ef1f8bc6d2447345a66954f26
109,0.7522349009604952,108,1,237c21b5b79f8308b4ee5c3907aed3e4dfe8451ef1f8bc6d2447345a66954f26
110,0.6820572154829279,109,1,237c21b5b79f8308b4ee5c3907aed3e4dfe8451ef1f8bc6d2447345a66954f26
111,0.6130562247897302,110,1,237c21b5b79f8308b4ee5c3907aed3e4dfe8451ef1f8bc6d2447345a66954f26
112,0.6232248564265319,111,1,237c21b5b79f8308b4ee5c3907aed3e4dfe8451ef1f8bc6d2447345a66954f26
113,0.4824880965400737,112,1,237c21b5b79f8308b4ee5c3907aed3e4dfe8451ef1f8bc6d2447345a66954f26
114,0.6052496088606745,113,1,237c21b5b79f8308b4ee5c3907aed3e4dfe8451ef1f8bc6d2447345a66954f26
115,0.3170265724720025,114,1,237c21b5b79f8308b4ee5c3907aed3e4dfe8451ef1f8bc6d2447345a66954f26
116,0.8155474551022053,115,1,237c21b5b79f8308b4ee5c3907aed3e4dfe8451ef1f8bc6d2447345a66954f26
117,0.3583878565204941,116,1,237c21b5b79f8308b4ee5c3907aed3e4dfe8451ef1f8bc6d2447345a66954f26
118,0.429905476209079,117,1,237c21b5b79f8308b4ee5c3907aed3e4dfe8451ef1f8bc6d2447345a66954f26
119,0.537967021795339,118,1,237c21b5b79f8308b4ee5c3907aed3e4dfe8451ef1f8bc6d2447345a66954f26
120,0.7105204609126854,119,1,237c21b5b79f8308b4ee5c3907aed3e4dfe8451ef1f8bc6d2447345a66954f26
121,0.7516096834240216,120,1,237c21b5b79f8308b4ee5c3907aed3e4dfe8451ef1f8bc6d2447345a66954f26
122,0.5319879365214398,121,1,237c21b5b79f8308b4ee5c3907aed3e4dfe8451ef1f8bc6d2447345a66954f26
123,0.6020759653222267,122,1,237c21b5b79f8308b4ee5c3907aed3e4dfe8451ef1f8bc6d2447345a66954f26
124,0.6781295846158173,123,1,237c21b5b79f8308b4ee5c3907aed3e4dfe8451ef1f8bc6d2447345a66954f26
125,0.6958397959449343,124,1,237c21b5b79f8308b4ee5c3907aed3e4dfe8451ef1f8bc6d2447345a66954f26
126,0.7046736103948206,125,1,237c21b5b79f8308b4ee5c3907aed3e4dfe8451ef1f8bc6d2447345a66954f26
127,0.4211424915220536,126,1,237c21b5b79f8308b4ee5c3907aed3e4dfe8451ef1f8bc6d2447345a66954f26
128,0.4747832761616841,127,1,237c21b5b79f8308b4ee5c3907aed3e4dfe8451ef1f8bc6d2447345a66954f26
129,0.6432573458447806,128,1,237c21b5b79f8308b4ee5c3907aed3e4dfe8451ef1f8bc6d2447345a66954f26
130,0.5448073577487236,129,1,237c21b5b79f8308b4ee5c3907aed3e4dfe8451ef1f8bc6d2447345a66954f26
131,0.3999563069096439,130,1,237c21b5b79f8308b4ee5c3907aed3e4dfe8451ef1f8bc6d2447345a66954f26
132,0.4170286064454558,131,1,237c21b5b79f8308b4ee5c3907aed3e4dfe8451ef1f8bc6d2447345a66954f26
133,0.3876967409183605,132,1,237c21b5b79f8308b4ee5c3907aed3e4dfe8451ef1f8bc6d2447345a66954f26
134,0.3901233121537561,133,1,237c21b5b79f8308b4ee5c3907aed3e4dfe8451ef1f8bc6d2447345a66954f26
135,0.6091639136229787,134,1,237c21b5b79f8308b4ee5c3907aed3e4dfe8451ef1f8bc6d2447345a66954f26
136,0.5909165524972195,135,1,237c21b5b79f8308b4ee5c3907aed3e4dfe8451ef1f8bc6d2447345a66954f26
137,0.4451720864852859,136,1,237c21b5b79f8308b4ee5c3907aed3e4dfe8451ef1f8bc6d2447345a66954f26
138,0.302640302592998,137,1,237c21b5b79f8308b4ee5c3907aed3e4dfe8451ef1f8bc6d2447345a66954f26
139,0.6321450875402661,138,1,237c21b5b79f8308b4ee5c3907aed3e4dfe8451ef1f8bc6d2447345a66954f26
140,0.563254513270401,139,1,237c21b5b79f8308b4ee5c3907aed3e4dfe8451ef1f8bc6d2447345a66954f26
141,0.5183743781817611,140,1,237c21b5b79f8308b4ee5c3907aed3e4dfe8451ef1f8bc6d2447345a66954f26
142,0.6713287410490516,141,1,237c21b5b79f8308b4ee5c3907aed3e4dfe8451ef1f8bc6d2447345a66954f26
143,0.3016107465245063,142,1,237c21b5b79f8308b4ee5c3907aed3e4dfe8451ef1f8bc6d2447345a66954f26
144,0.5409689532170887,143,1,237c21b5b79f8308b4ee5c3907aed3e4dfe8451ef1f8bc6d2447345a66954f26
145,0.603831852426655,144,1,237c21b5b79f8308b4ee5c3907aed3e4dfe8451ef1f8bc6d2447345a66954f26
146,0.5286341922474094,145,1,237c21b5b79f8308b4ee5c3907aed3e4dfe8451ef1f8bc6d2447345a66954f26
147,0.655827508544462,146,1,237c21b5b79f8308b4ee5c3907aed3e4dfe8451ef1f8bc6d2447345a66954f26
148,0.5914398651435704,147,1,237c21b5b79f8308b4ee5c3907aed3e4dfe8451ef1f8bc6d2447345a66954f26
149,0.4825316141490952,148,1,237c21b5b79f8308b4ee5c3907aed3e4dfe8451ef1f8bc6d2447345a66954f26
150,0.6616169505869038,149,1,237c21b5b79f8308b4ee5c3907aed3e4dfe8451ef1f8bc6d2447345a66954f26
151,0.620345297287713,150,1,237c21b5b79f8308b4ee5c3907aed3e4dfe8451ef1f8bc6d2447345a66954f26
152,0.5662002500780545,151,1,237c21b5b79f8308b4ee5c3907aed3e4dfe8451ef1f8bc6d2447345a66954f26
153,0.8079123301236564,152,1,237c21b5b79f8308b4ee5c3907aed3e4dfe8451ef1f8bc6d2447345a66954f26
154,0.4931634789281816,153,1,237c21b5b79f8308b4ee5c3907aed3e4dfe8451ef1f8bc6d2447345a66954f26
155,0.6525413679660232,154,1,237c21b5b79f8308b4ee5c3907aed3e4dfe8451ef1f8bc6d2447345a66954f26
156,0.5161078441271911,155,1,237c21b5b79f8308b4ee5c3907aed3e4dfe8451ef1f8bc6d2447345a66954f26
157,0.5505993315391606,156,1,237c21b5b79f8308b4ee5c3907aed3e4dfe8451ef1f8bc6d2447345a66954f26
158,0.6380912364229516,157,1,237c21b5b79f8308b4ee5c3907aed3e4dfe8451ef1f8bc6d2447345a66954f26
159,0.6478775878144916,158,1,237c21b5b79f8308b4ee5c3907aed3e4dfe8451ef1f8bc6d2447345a66954f26
160,0.4946920185305998,159,1,237c21b5b79f8308b4ee5c3907aed3e4dfe8451ef1f8bc6d2447345a66954f26
161,0.59569709158802,160,1,237c21b5b79f8308b4ee5c3907aed3e4dfe8451ef1f8bc6d2447345a66954f26
162,0.6883074553334154,161,1,237c21b5b79f8308b4ee5c3907aed3e4dfe8451ef1f8bc6d2447345a66954f26
163,0.705369440940558,162,1,237c21b5b79f8308b4ee5c3907aed3e4dfe8451ef1f8bc6d2447345a66954f26
164,0.5137388279489841,163,1,237c21b5b79f8308b4ee5c3907aed3e4dfe8451ef1f8bc6d2447345a66954f26
165,0.437970167658932,164,1,237c21b5b79f8308b4ee5c3907aed3e4dfe8451ef1f8bc6d2447345a66954f26
166,0.6395405223989075,165,1,237c21b5b79f8308b4ee5c3907aed3e4dfe8451ef1f8bc6d2447345a66954f26
167,0.5833930903900182,166,1,237c21b5b79f8308b4ee5c3907aed3e4dfe8451ef1f8bc6d2447345a66954f26
168,0.7706124141113833,167,1,237c21b5b79f8308b4ee5c3907aed3e4dfe8451ef1f8bc6d2447345a66954f26
169,0.5431950358761242,168,1,237c21b5b79f8308b4ee5c3907aed3e4dfe8451ef1f8bc6d2447345a66954f26
170,0.6426855854233509,169,1,237c21b5b79f8308b4ee5c3907aed3e4dfe8451ef1f8bc6d2447345a66954f26
171,0.5759586316762864,170,1,237c21b5b79f8308b4ee5c3907aed3e4dfe8451ef1f8bc6d2447345a66954f26
172,0.4202699512679828,171,1,237c21b5b79f8308b4ee5c3907aed3e4dfe8451ef1f8bc6d2447345a66954f26
173,0.4239045828557906,172,1,237c21b5b79f8308b4ee5c3907aed3e4dfe8451ef1f8bc6d2447345a66954f26
174,0.6149564099644067,173,1,237c21b5b79f8308b4ee5c3907aed3e4dfe8451ef1f8bc6d2447345a66954f26
175,0.5629440618504304,174,1,237c21b5b79f8308b4ee5c3907aed3e4dfe8451ef1f8bc6d2447345a66954f26
176,0.5706956459544017,175,1,237c21b5b79f8308b4ee5c3907aed3e4dfe8451ef1f8bc6d2447345a66954f26
177,0.6346154289379129,176,1,237c21b5b79f8308b4ee5c3907aed3e4dfe8451ef1f8bc6d2447345a66954f26
178,0.6459296872490086,177,1,237c21b5b79f8308b4ee5c3907aed3e4dfe8451ef1f8bc6d2447345a66954f26
179,0.4687793394847972,178,1,237c21b5b79f8308b4ee5c3907aed3e4dfe8451ef1f8bc6d2447345a66954f26
180,0.4430218686502485,179,1,237c21b5b79f8308b4ee5c3907aed3e4dfe8451ef1f8bc6d2447345a66954f26
181,0.636370345717296,180,1,237c21b5b79f8308b4ee5c3907aed3e4dfe8451ef1f8bc6d2447345a66954f26
182,0.6910868876184395,181,1,237c21b5b79f8308b4ee5c3907aed3e4dfe8451ef1f8bc6d2447345a66954f26
183,0.4989020658679521,182,1,237c21b5b79f8308b4ee5c3907aed3e4dfe8451ef1f8bc6d2447345a66954f26
184,0.5195347602246374,183,1,237c21b5b79f8308b4ee5c3907aed3e4dfe8451ef1f8bc6d2447345a66954f26
185,0.6425445103716356,184,1,237c21b5b79f8308b4ee5c3907aed3e4dfe8451ef1f8bc6d2447345a66954f26
186,0.5605639709559682,185,1,237c21b5b79f8308b4ee5c3907aed3e4dfe8451ef1f8bc6d2447345a66954f26
187,0.533993038630797,186,1,237c21b5b79f8308b4ee5c3907aed3e4dfe8451ef1f8bc6d2447345a66954f26
188,0.562631179464006,187,1,237c21b5b79f8308b4ee5c3907aed3e4dfe8451ef1f8bc6d2447345a66954f26
189,0.2430450642452639,188,1,237c21b5b79f8308b4ee5c3907aed3e4dfe8451ef1f8bc6d2447345a66954f26
190,0.5852088593965163,189,1,237c21b5b79f8308b4ee5c3907aed3e4dfe8451ef1f8bc6d2447345a66954f26
191,0.5651146597119805,190,1,237c21b5b79f8308b4ee5c3907aed3e4dfe8451ef1f8bc6d2447345a66954f26
192,0.6112580321514982,191,1,237c21b5b79f8308b4ee5c3907aed3e4dfe8451ef1f8bc6d2447345a66954f26
193,0.5485853190766647,192,1,237c21b5b79f8308b4ee5c3907aed3e4dfe8451ef1f8bc6d2447345a66954f26
194,0.616056046645781,193,1,237c21b5b79f8308b4ee5c3907aed3e4dfe8451ef1f8bc6d2447345a66954f26
195,0.4704474039854176,194,1,237c21b5b79f8308b4ee5c3907aed3e4dfe8451ef1f8bc6d2447345a66954f26
196,0.4750163189532941,195,1,237c21b5b79f8308b4ee5c3907aed3e4dfe8451ef1f8bc6d2447345a66954f26
197,0.4906139066816877,196,1,237c21b5b79f8308b4ee5c3907aed3e4dfe8451ef1f8bc6d2447345a66954f26
198,0.7346865361084838,197,1,237c21b5b79f8308b4ee5c3907aed3e4dfe8451ef1f8bc6d2447345a66954f26
199,0.4062500929720727,198,1,237c21b5b79f8308b4ee5c3907aed3e4dfe8451ef1f8bc6d2447345a66954f26
200,0.7310441897425335,199,1,237c21b5b79f8308b4ee5c3907aed3e4dfe8451ef1f8bc6d2447345a66954f26
201,0.6556119832794138,200,1,237c21b5b79f8308b4ee5c3907aed3e4dfe8451ef1f8bc6d2447345a66954f26
202,0.7492064996040426,201,1,237c21b5b79f8308b4ee5c3907aed3e4dfe8451ef1f8bc6d2447345a66954f26
203,0.6673056406953037,202,1,237c21b5b79f8308b4ee5c3907aed3e4dfe8451ef1f8bc6d2447345a66954f26
204,0.6873145841236692,203,1,237c21b5b79f8308b4ee5c3907aed3e4dfe8451ef1f8bc6d2447345a66954f26
205,0.4648655707105718,204,1,237c21b5b79f8308b4ee5c3907aed3e4dfe8451ef1f8bc6d2447345a66954f26
206,0.4632947945738124,205,1,237c21b5b79f8308b4ee5c3907aed3e4dfe8451ef1f8bc6d2447345a66954f26
207,0.4648068923424944,206,1,237c21b5b79f8308b4ee5c3907aed3e4dfe8451ef1f8bc6d2447345a66954f26
208,0.6289588020666358,207,1,237c21b5b79f8308b4ee5c3907aed3e4dfe8451ef1f8bc6d2447345a66954f26
209,0.4696302931988612,208,1,237c21b5b79f8308b4ee5c3907aed3e4dfe8451ef1f8bc6d2447345a66954f26
210,0.555116026167525,209,1,237c21b5b79f8308b4ee5c3907aed3e4dfe8451ef1f8bc6d2447345a66954f26
211,0.702766839065589,210,1,237c21b5b79f8308b4ee5c3907aed3e4dfe8451ef1f8bc6d2447345a66954f26
212,0.6212025004788302,211,1,237c21b5b79f8308b4ee5c3907aed3e4dfe8451ef1f8bc6d2447345a66954f26
213,0.5807402103449704,212,1,237c21b5b79f8308b4ee5c3907aed3e4dfe8451ef1f8bc6d2447345a66954f26
214,0.6427484279856799,213,1,237c21b5b79f8308b4ee5c3907aed3e4dfe8451ef1f8bc6d2447345a66954f26
215,0.5048471301938662,214,1,237c21b5b79f8308b4ee5c3907aed3e4dfe8451ef1f8bc6d2447345a66954f26
216,0.5014401926332042,215,1,237c21b5b79f8308b4ee5c3907aed3e4dfe8451ef1f8bc6d2447345a66954f26
217,0.4371274997777732,216,1,237c21b5b79f8308b4ee5c3907aed3e4dfe8451ef1f8bc6d2447345a66954f26
218,0.6305153667290142,217,1,237c21b5b79f8308b4ee5c3907aed3e4dfe8451ef1f8bc6d2447345a66954f26
219,0.5053103143854969,218,1,237c21b5b79f8308b4ee5c3907aed3e4dfe8451ef1f8bc6d2447345a66954f26
220,0.6703508049613447,219,1,237c21b5b79f8308b4ee5c3907aed3e4dfe8451ef1f8bc6d2447345a66954f26
221,0.7098057006670047,220,1,237c21b5b79f8308b4ee5c3907aed3e4dfe8451ef1f8bc6d2447345a66954f26
222,0.6870764923189512,221,1,237c21b5b79f8308b4ee5c3907aed3e4dfe8451ef1f8bc6d2447345a66954f26
223,0.5577629786944517,222,1,237c21b5b79f8308b4ee5c3907aed3e4dfe8451ef1f8bc6d2447345a66954f26
224,0.5210137448612358,223,1,237c21b5b79f8308b4ee5c3907aed3e4dfe8451ef1f8bc6d2447345a66954f26
225,0.7190367096918635,224,1,237c21b5b79f8308b4ee5c3907aed3e4dfe8451ef1f8bc6d2447345a66954f26
226,0.6083417701630501,225,1,237c21b5b79f8308b4ee5c3907aed3e4dfe8451ef1f8bc6d2447345a66954f26
227,0.2846304493303231,226,1,237c21b5b79f8308b4ee5c3907aed3e4dfe8451ef1f8bc6d2447345a66954f26
228,0.6705068298214429,227,1,237c21b5b79f8308b4ee5c3907aed3e4dfe8451ef1f8bc6d2447345a66954f26
229,0.505945725471598,228,1,237c21b5b79f8308b4ee5c3907aed3e4dfe8451ef1f8bc6d2447345a66954f26
230,0.6985844474062297,229,1,237c21b5b79f8308b4ee5c3907aed3e4dfe8451ef1f8bc6d2447345a66954f26
231,0.717915648187045,230,1,237c21b5b79f8308b4ee5c3907aed3e4dfe8451ef1f8bc6d2447345a66954f26
232,0.6659478530818888,231,1,237c21b5b79f8308b4ee5c3907aed3e4dfe8451ef1f8bc6d2447345a66954f26
233,0.5166489582476004,232,1,237c21b5b79f8308b4ee5c3907aed3e4dfe8451ef1f8bc6d2447345a66954f26
234,0.4779656165046617,233,1,237c21b5b79f8308b4ee5c3907aed3e4dfe8451ef1f8bc6d2447345a66954f26
235,0.5584560629645274,234,1,237c21b5b79f8308b4ee5c3907aed3e4dfe8451ef1f8bc6d2447345a66954f26
236,0.5373501944360868,235,1,237c21b5b79f8308b4ee5c3907aed3e4dfe8451ef1f8bc6d2447345a66954f26
237,0.4980965887243656,236,1,237c21b5b79f8308b4ee5c3907aed3e4dfe8451ef1f8bc6d2447345a66954f26
238,0.505983797992025,237,1,237c21b5b79f8308b4ee5c3907aed3e4dfe8451ef1f8bc6d2447345a66954f26
239,0.3955899226621113,238,1,237c21b5b79f8308b4ee5c3907aed3e4dfe8451ef1f8bc6d2447345a66954f26
240,0.5764295815337723,239,1,237c21b5b79f8308b4ee5c3907aed3e4dfe8451ef1f8bc6d2447345a66954f26
241,0.7096249320588299,240,1,237c21b5b79f8308b4ee5c3907aed3e4dfe8451ef1f8bc6d2447345a66954f26
242,0.7068081244907312,241,1,237c21b5b79f8308b4ee5c3907aed3e4dfe8451ef1f8bc6d2447345a66954f26
243,0.6186076136442655,242,1,237c21b5b79f8308b4ee5c3907aed3e4dfe8451ef1f8bc6d2447345a66954f26
244,0.6217658226765082,243,1,237c21b5b79f8308b4ee5c3907aed3e4dfe8451ef1f8bc6d2447345a66954f26
245,0.5545482794932468,244,1,237c21b5b79f8308b4ee5c3907aed3e4dfe8451ef1f8bc6d2447345a66954f26
246,0.538907853232375,245,1,237c21b5b79f8308b4ee5c3907aed3e4dfe8451ef1f8bc6d2447345a66954f26
247,0.653033857459377,246,1,237c21b5b79f8308b4ee5c3907aed3e4dfe8451ef1f8bc6d2447345a66954f26
248,0.6089569692412624,247,1,237c21b5b79f8308b4ee5c3907aed3e4dfe8451ef1f8bc6d2447345a66954f26
249,0.7271601558313705,248,1,237c21b5b79f8308b4ee5c3907aed3e4dfe8451ef1f8bc6d2447345a66954f26
250,0.5613204579713056,249,1,237c21b5b79f8308b4ee5c3907aed3e4dfe8451ef1f8bc6d2447345a66954f26
251,0.6499767070636153,250,1,237c21b5b79f8308b4ee5c3907aed3e4dfe8451ef1f8bc6d2447345a66954f26
252,0.6150361776553837,251,1,237c21b5b79f8308b4ee5c3907aed3e4dfe8451ef1f8bc6d2447345a66954f26
253,0.4850925438986451,252,1,237c21b5b79f8308b4ee5c3907aed3e4dfe8451ef1f8bc6d2447345a66954f26
254,0.5208052196318533,253,1,237c21b5b79f8308b4ee5c3907aed3e4dfe8451ef1f8bc6d2447345a66954f26
255,0.6427531284772385,254,1,237c21b5b79f8308b4ee5c3907aed3e4dfe8451ef1f8bc6d2447345a66954f26
256,0.7053782377188327,255,1,237c21b5b79f8308b4ee5c3907aed3e4dfe8451ef1f8bc6d2447345a66954f26
257,0.3415982635813754,256,1,237c21b5b79f8308b4ee5c3907aed3e4dfe8451ef1f8bc6d2447345a66954f26
258,0.6102483867082524,257,1,237c21b5b79f8308b4ee5c3907aed3e4dfe8451ef1f8bc6d2447345a66954f26
259,0.6110438961039641,258,1,237c21b5b79f8308b4ee5c3907aed3e4dfe8451ef1f8bc6d2447345a66954f26
260,0.5963743085449096,259,1,237c21b5b79f8308b4ee5c3907aed3e4dfe8451ef1f8bc6d2447345a66954f26
261,0.6721276161515859,260,1,237c21b5b79f8308b4ee5c3907aed3e4dfe8451ef1f8bc6d2447345a66954f26
262,0.6114245066387411,261,1,237c21b5b79f8308b4ee5c3907aed3e4dfe8451ef1f8bc6d2447345a66954f26
263,0.5719982875117466,262,1,237c21b5b79f8308b4ee5c3907aed3e4dfe8451ef1f8bc6d2447345a66954f26
264,0.5192324481208033,263,1,237c21b5b79f8308b4ee5c3907aed3e4dfe8451ef1f8bc6d2447345a66954f26
265,0.6622190656021587,264,1,237c21b5b79f8308b4ee5c3907aed3e4dfe8451ef1f8bc6d2447345a66954f26
266,0.3832290077857578,265,1,237c21b5b79f8308b4ee5c3907aed3e4dfe8451ef1f8bc6d2447345a66954f26
267,0.6496619118415197,266,1,237c21b5b79f8308b4ee5c3907aed3e4dfe8451ef1f8bc6d2447345a66954f26
268,0.4918761920309862,267,1,237c21b5b79f8308b4ee5c3907aed3e4dfe8451ef1f8bc6d2447345a66954f26
269,0.5432551960408318,268,1,237c21b5b79f8308b4ee5c3907aed3e4dfe8451ef1f8bc6d2447345a66954f26
270,0.5804362400037917,269,1,237c21b5b79f8308b4ee5c3907aed3e4dfe8451ef1f8bc6d2447345a66954f26
271,0.4721965004762867,270,1,237c21b5b79f8308b4ee5c3907aed3e4dfe8451ef1f8bc6d2447345a66954f26
272,0.5792707461002351,271,1,237c21b5b79f8308b4ee5c3907aed3e4dfe8451ef1f8bc6d2447345a66954f26
273,0.6126216145858052,272,1,237c21b5b79f8308b4ee5c3907aed3e4dfe8451ef1f8bc6d2447345a66954f26
274,0.6665617779769946,273,1,237c21b5b79f8308b4ee5c3907aed3e4dfe8451ef1f8bc6d2447345a66954f26
275,0.5598150792837089,274,1,237c21b5b79f8308b4ee5c3907aed3e4dfe8451ef1f8bc6d2447345a66954f26
276,0.3631507827355476,275,1,237c21b5b79f8308b4ee5c3907aed3e4dfe8451ef1f8bc6d2447345a66954f26
277,0.5736434498248855,276,1,237c21b5b79f8308b4ee5c3907aed3e4dfe8451ef1f8bc6d2447345a66954f26
278,0.7286985380176247,277,1,237c21b5b79f8308b4ee5c3907aed3e4dfe8451ef1f8bc6d2447345a66954f26
279,0.54509570137634,278,1,237c21b5b79f8308b4ee5c3907aed3e4dfe8451ef1f8bc6d2447345a66954f26
280,0.6420655398396775,279,1,237c21b5b79f8308b4ee5c3907aed3e4dfe8451ef1f8bc6d2447345a66954f26
281,0.5546259368197681,280,1,237c21b5b79f8308b4ee5c3907aed3e4dfe8451ef1f8bc6d2447345a66954f26
282,0.5932818076402668,281,1,237c21b5b79f8308b4ee5c3907aed3e4dfe8451ef1f8bc6d2447345a66954f26
283,0.5417110495363886,282,1,237c21b5b79f8308b4ee5c3907aed3e4dfe8451ef1f8bc6d2447345a66954f26
284,0.6989697006647475,283,1,237c21b5b79f8308b4ee5c3907aed3e4dfe8451ef1f8bc6d2447345a66954f26
285,0.6087811299003079,284,1,237c21b5b79f8308b4ee5c3907aed3e4dfe8451ef1f8bc6d2447345a66954f26
286,0.5781210665329581,285,1,237c21b5b79f8308b4ee5c3907aed3e4dfe8451ef1f8bc6d2447345a66954f26
287,0.5001163835034959,286,1,237c21b5b79f8308b4ee5c3907aed3e4dfe8451ef1f8bc6d2447345a66954f26
288,0.5897304839454591,287,1,237c21b5b79f8308b4ee5c3907aed3e4dfe8451ef1f8bc6d2447345a66954f26
289,0.6823451975433272,288,1,237c21b5b79f8308b4ee5c3907aed3e4dfe8451ef1f8bc6d2447345a66954f26
290,0.7073981890171126,289,1,237c21b5b79f8308b4ee5c3907aed3e4dfe8451ef1f8bc6d2447345a66954f26
291,0.571435086613036,290,1,237c21b5b79f8308b4ee5c3907aed3e4dfe8451ef1f8bc6d2447345a66954f26
292,0.3992419720787499,291,1,237c21b5b79f8308b4ee5c3907aed3e4dfe8451ef1f8bc6d2447345a66954f26
293,0.736715153849218,292,1,237c21b5b79f8308b4ee5c3907aed3e4dfe8451ef1f8bc6d2447345a66954f26
294,0.6577083618202764,293,1,237c21b5b79f8308b4ee5c3907aed3e4dfe8451ef1f8bc6d2447345a66954f26
295,0.5640217607687186,294,1,237c21b5b79f8308b4ee5c3907aed3e4dfe8451ef1f8bc6d2447345a66954f26
296,0.4839405918446253,295,1,237c21b5b79f8308b4ee5c3907aed3e4dfe8451ef1f8bc6d2447345a66954f26
297,0.6325997251551598,296,1,237c21b5b79f8308b4ee5c3907aed3e4dfe8451ef1f8bc6d2447345a66954f26
298,0.6318347072913157,297,1,237c21b5b79f8308b4ee5c3907aed3e4dfe8451ef1f8bc6d2447345a66954f26
299,0.4699294331167367,298,1,237c21b5b79f8308b4ee5c3907aed3e4dfe8451ef1f8bc6d2447345a66954f26
300,0.5512739833716473,299,1,237c21b5b79f8308b4ee5c3907aed3e4dfe8451ef1f8bc6d2447345a66954f26
301,0.6665363571819292,300,1,237c21b5b79f8308b4ee5c3907aed3e4dfe8451ef1f8bc6d2447345a66954f26
302,0.6575961929993355,301,1,237c21b5b79f8308b4ee5c3907aed3e4dfe8451ef1f8bc6d2447345a66954f26
303,0.7026399437636428,302,1,237c21b5b79f8308b4ee5c3907aed3e4dfe8451ef1f8bc6d2447345a66954f26
304,0.5943109439685941,303,1,237c21b5b79f8308b4ee5c3907aed3e4dfe8451ef1f8bc6d2447345a66954f26
305,0.6830184843579445,304,1,237c21b5b79f8308b4ee5c3907aed3e4dfe8451ef1f8bc6d2447345a66954f26
306,0.5827875078857687,305,1,237c21b5b79f8308b4ee5c3907aed3e4dfe8451ef1f8bc6d2447345a66954f26
307,0.5481188775322607,306,1,237c21b5b79f8308b4ee5c3907aed3e4dfe8451ef1f8bc6d2447345a66954f26
308,0.3600167752412915,307,1,237c21b5b79f8308b4ee5c3907aed3e4dfe8451ef1f8bc6d2447345a66954f26
309,0.4917608428988842,308,1,237c21b5b79f8308b4ee5c3907aed3e4dfe8451ef1f8bc6d2447345a66954f26
310,0.7640355032635853,309,1,237c21b5b79f8308b4ee5c3907aed3e4dfe8451ef1f8bc6d2447345a66954f26
311,0.5574423554401164,310,1,237c21b5b79f8308b4ee5c3907aed3e4dfe8451ef1f8bc6d2447345a66954f26
312,0.8218040573829057,311,1,237c21b5b79f8308b4ee5c3907aed3e4dfe8451ef1f8bc6d2447345a66954f26
313,0.7541968303848989,312,1,237c21b5b79f8308b4ee5c3907aed3e4dfe8451ef1f8bc6d2447345a66954f26
314,0.6036430630553679,313,1,237c21b5b79f8308b4ee5c3907aed3e4dfe8451ef1f8bc6d2447345a66954f26
315,0.6857656016945839,314,1,237c21b5b79f8308b4ee5c3907aed3e4dfe8451ef1f8bc6d2447345a66954f26
316,0.6606799464772735,315,1,237c21b5b79f8308b4ee5c3907aed3e4dfe8451ef1f8bc6d2447345a66954f26
317,0.5519477247049736,316,1,237c21b5b79f8308b4ee5c3907aed3e4dfe8451ef1f8bc6d2447345a66954f26
318,0.4573448913423092,317,1,237c21b5b79f8308b4ee5c3907aed3e4dfe8451ef1f8bc6d2447345a66954f26
319,0.4712808032346629,318,1,237c21b5b79f8308b4ee5c3907aed3e4dfe8451ef1f8bc6d2447345a66954f26
320,0.6664380196598358,319,1,237c21b5b79f8308b4ee5c3907aed3e4dfe8451ef1f8bc6d2447345a66954f26
321,0.7578911178911767,320,1,237c21b5b79f8308b4ee5c3907aed3e4dfe8451ef1f8bc6d2447345a66954f26
322,0.5256182481534779,321,1,237c21b5b79f8308b4ee5c3907aed3e4dfe8451ef1f8bc6d2447345a66954f26
323,0.7319397200251387,322,1,237c21b5b79f8308b4ee5c3907aed3e4dfe8451ef1f8bc6d2447345a66954f26
324,0.5922043848368048,323,1,237c21b5b79f8308b4ee5c3907aed3e4dfe8451ef1f8bc6d2447345a66954f26
325,0.3497257118214728,324,1,237c21b5b79f8308b4ee5c3907aed3e4dfe8451ef1f8bc6d2447345a66954f26
326,0.4013551032003306,325,1,237c21b5b79f8308b4ee5c3907aed3e4dfe8451ef1f8bc6d2447345a66954f26
327,0.4172373010362662,326,1,237c21b5b79f8308b4ee5c3907aed3e4dfe8451ef1f8bc6d2447345a66954f26
328,0.401517675070778,327,1,237c21b5b79f8308b4ee5c3907aed3e4dfe8451ef1f8bc6d2447345a66954f26
329,0.6234392672413378,328,1,237c21b5b79f8308b4ee5c3907aed3e4dfe8451ef1f8bc6d2447345a66954f26
330,0.4706322074866875,329,1,237c21b5b79f8308b4ee5c3907aed3e4dfe8451ef1f8bc6d2447345a66954f26
331,0.617700358543955,330,1,237c21b5b79f8308b4ee5c3907aed3e4dfe8451ef1f8bc6d2447345a66954f26
332,0.6135462441772006,331,1,237c21b5b79f8308b4ee5c3907aed3e4dfe8451ef1f8bc6d2447345a66954f26
333,0.6124606835002595,332,1,237c21b5b79f8308b4ee5c3907aed3e4dfe8451ef1f8bc6d2447345a66954f26
334,0.7161499656443497,333,1,237c21b5b79f8308b4ee5c3907aed3e4dfe8451ef1f8bc6d2447345a66954f26
335,0.8066152863595523,334,1,237c21b5b79f8308b4ee5c3907aed3e4dfe8451ef1f8bc6d2447345a66954f26
336,0.8302700149943121,335,1,237c21b5b79f8308b4ee5c3907aed3e4dfe8451ef1f8bc6d2447345a66954f26
337,0.4291330776989639,336,1,237c21b5b79f8308b4ee5c3907aed3e4dfe8451ef1f8bc6d2447345a66954f26
338,0.462261634415313,337,1,237c21b5b79f8308b4ee5c3907aed3e4dfe8451ef1f8bc6d2447345a66954f26
339,0.6701013658011599,338,1,237c21b5b79f8308b4ee5c3907aed3e4dfe8451ef1f8bc6d2447345a66954f26
340,0.6795698983087277,339,1,237c21b5b79f8308b4ee5c3907aed3e4dfe8451ef1f8bc6d2447345a66954f26
341,0.7511025584208255,340,1,237c21b5b79f8308b4ee5c3907aed3e4dfe8451ef1f8bc6d2447345a66954f26
342,0.5511267561962256,341,1,237c21b5b79f8308b4ee5c3907aed3e4dfe8451ef1f8bc6d2447345a66954f26
343,0.5972702120634494,342,1,237c21b5b79f8308b4ee5c3907aed3e4dfe8451ef1f8bc6d2447345a66954f26
344,0.730574109589611,343,1,237c21b5b79f8308b4ee5c3907aed3e4dfe8451ef1f8bc6d2447345a66954f26
345,0.6408009907900123,344,1,237c21b5b79f8308b4ee5c3907aed3e4dfe8451ef1f8bc6d2447345a66954f26
346,0.5112611420131608,345,1,237c21b5b79f8308b4ee5c3907aed3e4dfe8451ef1f8bc6d2447345a66954f26
347,0.6016328374535078,346,1,237c21b5b79f8308b4ee5c3907aed3e4dfe8451ef1f8bc6d2447345a66954f26
348,0.7844928106060252,347,1,237c21b5b79f8308b4ee5c3907aed3e4dfe8451ef1f8bc6d2447345a66954f26
349,0.6043132056947798,348,1,237c21b5b79f8308b4ee5c3907aed3e4dfe8451ef1f8bc6d2447345a66954f26
350,0.5768550059292465,349,1,237c21b5b79f8308b4ee5c3907aed3e4dfe8451ef1f8bc6d2447345a66954f26
351,0.6434408053303393,350,1,237c21b5b79f8308b4ee5c3907aed3e4dfe8451ef1f8bc6d2447345a66954f26
352,0.7142655813950114,351,1,237c21b5b79f8308b4ee5c3907aed3e4dfe8451ef1f8bc6d2447345a66954f26
353,0.5602410814672112,352,1,237c21b5b79f8308b4ee5c3907aed3e4dfe8451ef1f8bc6d2447345a66954f26
354,0.5353205453525337,353,1,237c21b5b79f8308b4ee5c3907aed3e4dfe8451ef1f8bc6d2447345a66954f26
355,0.7052626435236107,354,1,237c21b5b79f8308b4ee5c3907aed3e4dfe8451ef1f8bc6d2447345a66954f26
356,0.4645853594656728,355,1,237c21b5b79f8308b4ee5c3907aed3e4dfe8451ef1f8bc6d2447345a66954f26
357,0.5034887165638793,356,1,237c21b5b79f8308b4ee5c3907aed3e4dfe8451ef1f8bc6d2447345a66954f26
358,0.7336069236353069,357,1,237c21b5b79f8308b4ee5c3907aed3e4dfe8451ef1f8bc6d2447345a66954f26
359,0.6499477967154235,358,1,237c21b5b79f8308b4ee5c3907aed3e4dfe8451ef1f8bc6d2447345a66954f26
360,0.6306662835122552,359,1,237c21b5b79f8308b4ee5c3907aed3e4dfe8451ef1f8bc6d2447345a66954f26
361,0.520500513898412,360,1,237c21b5b79f8308b4ee5c3907aed3e4dfe8451ef1f8bc6d2447345a66954f26
362,0.7743341860614237,361,1,237c21b5b79f8308b4ee5c3907aed3e4dfe8451ef1f8bc6d2447345a66954f26
363,0.4967689283585059,362,1,237c21b5b79f8308b4ee5c3907aed3e4dfe8451ef1f8bc6d2447345a66954f26
364,0.681086862223319,363,1,237c21b5b79f8308b4ee5c3907aed3e4dfe8451ef1f8bc6d2447345a66954f26
365,0.6552082384609577,364,1,237c21b5b79f8308b4ee5c3907aed3e4dfe8451ef1f8bc6d2447345a66954f26
366,0.8261226367903873,365,1,237c21b5b79f8308b4ee5c3907aed3e4dfe8451ef1f8bc6d2447345a66954f26
367,0.538200574059374,366,1,237c21b5b79f8308b4ee5c3907aed3e4dfe8451ef1f8bc6d2447345a66954f26
368,0.6639599274785724,367,1,237c21b5b79f8308b4ee5c3907aed3e4dfe8451ef1f8bc6d2447345a66954f26
369,0.6142669708819994,368,1,237c21b5b79f8308b4ee5c3907aed3e4dfe8451ef1f8bc6d2447345a66954f26
370,0.5649023196928624,369,1,237c21b5b79f8308b4ee5c3907aed3e4dfe8451ef1f8bc6d2447345a66954f26
371,0.5600096830985279,370,1,237c21b5b79f8308b4ee5c3907aed3e4dfe8451ef1f8bc6d2447345a66954f26
372,0.6286210756225046,371,1,237c21b5b79f8308b4ee5c3907aed3e4dfe8451ef1f8bc6d2447345a66954f26
373,0.368794189847577,372,1,237c21b5b79f8308b4ee5c3907aed3e4dfe8451ef1f8bc6d2447345a66954f26
374,0.5536813567604213,373,1,237c21b5b79f8308b4ee5c3907aed3e4dfe8451ef1f8bc6d2447345a66954f26
375,0.7690742478589527,374,1,237c21b5b79f8308b4ee5c3907aed3e4dfe8451ef1f8bc6d2447345a66954f26
376,0.6464331072051159,375,1,237c21b5b79f8308b4ee5c3907aed3e4dfe8451ef1f8bc6d2447345a66954f26
377,0.4466457005853499,376,1,237c21b5b79f8308b4ee5c3907aed3e4dfe8451ef1f8bc6d2447345a66954f26
378,0.4402032466112612,377,1,237c21b5b79f8308b4ee5c3907aed3e4dfe8451ef1f8bc6d2447345a66954f26
379,0.4729200882711428,378,1,237c21b5b79f8308b4ee5c3907aed3e4dfe8451ef1f8bc6d2447345a66954f26
380,0.5487467381117312,379,1,237c21b5b79f8308b4ee5c3907aed3e4dfe8451ef1f8bc6d2447345a66954f26
381,0.574916321085766,380,1,237c21b5b79f8308b4ee5c3907aed3e4dfe8451ef1f8bc6d2447345a66954f26
382,0.5066763932413778,381,1,237c21b5b79f8308b4ee5c3907aed3e4dfe8451ef1f8bc6d2447345a66954f26
383,0.6411926074579242,382,1,237c21b5b79f8308b4ee5c3907aed3e4dfe8451ef1f8bc6d2447345a66954f26
384,0.4459789545459182,383,1,237c21b5b79f8308b4ee5c3907aed3e4dfe8451ef1f8bc6d2447345a66954f26
385,0.4958232101482366,384,1,237c21b5b79f8308b4ee5c3907aed3e4dfe8451ef1f8bc6d2447345a66954f26
386,0.5515927632707758,385,1,237c21b5b79f8308b4ee5c3907aed3e4dfe8451ef1f8bc6d2447345a66954f26
387,0.6170729620005133,386,1,237c21b5b79f8308b4ee5c3907aed3e4dfe8451ef1f8bc6d2447345a66954f26
388,0.6848825007327832,387,1,237c21b5b79f8308b4ee5c3907aed3e4dfe8451ef1f8bc6d2447345a66954f26
389,0.6050089967218639,388,1,237c21b5b79f8308b4ee5c3907aed3e4dfe8451ef1f8bc6d2447345a66954f26
390,0.5102188134460448,389,1,237c21b5b79f8308b4ee5c3907aed3e4dfe8451ef1f8bc6d2447345a66954f26
391,0.5280326699415525,390,1,237c21b5b79f8308b4ee5c3907aed3e4dfe8451ef1f8bc6d2447345a66954f26
392,0.55822894186349,391,1,237c21b5b79f8308b4ee5c3907aed3e4dfe8451ef1f8bc6d2447345a66954f26
393,0.4843525700596274,392,1,237c21b5b79f8308b4ee5c3907aed3e4dfe8451ef1f8bc6d2447345a66954f26
394,0.733529494056711,393,1,237c21b5b79f8308b4ee5c3907aed3e4dfe8451ef1f8bc6d2447345a66954f26
395,0.5160563609426845,394,1,237c21b5b79f8308b4ee5c3907aed3e4dfe8451ef1f8bc6d2447345a66954f26
396,0.6012133548521206,395,1,237c21b5b79f8308b4ee5c3907aed3e4dfe8451ef1f8bc6d2447345a66954f26
397,0.7336125385081687,396,1,237c21b5b79f8308b4ee5c3907aed3e4dfe8451ef1f8bc6d2447345a66954f26
398,0.8111363286152482,397,1,237c21b5b79f8308b4ee5c3907aed3e4dfe8451ef1f8bc6d2447345a66954f26
399,0.6352996433324734,398,1,237c21b5b79f8308b4ee5c3907aed3e4dfe8451ef1f8bc6d2447345a66954f26
400,0.6361501058931198,399,1,237c21b5b79f8308b4ee5c3907aed3e4dfe8451ef1f8bc6d2447345a66954f26
401,0.5085194656535919,400,1,237c21b5b79f8308b4ee5c3907aed3e4dfe8451ef1f8bc6d2447345a66954f26
402,0.6675907158642076,401,1,237c21b5b79f8308b4ee5c3907aed3e4dfe8451ef1f8bc6d2447345a66954f26
403,0.587709523955823,402,1,237c21b5b79f8308b4ee5c3907aed3e4dfe8451ef1f8bc6d2447345a66954f26
404,0.576150177286479,403,1,237c21b5b79f8308b4ee5c3907aed3e4dfe8451ef1f8bc6d2447345a66954f26
405,0.6081614724826068,404,1,237c21b5b79f8308b4ee5c3907aed3e4dfe8451ef1f8bc6d2447345a66954f26
406,0.6255884336646886,405,1,237c21b5b79f8308b4ee5c3907aed3e4dfe8451ef1f8bc6d2447345a66954f26
407,0.5873762885021279,406,1,237c21b5b79f8308b4ee5c3907aed3e4dfe8451ef1f8bc6d2447345a66954f26
408,0.6136398156895666,407,1,237c21b5b79f8308b4ee5c3907aed3e4dfe8451ef1f8bc6d2447345a66954f26
409,0.4031592109743371,408,1,237c21b5b79f8308b4ee5c3907aed3e4dfe8451ef1f8bc6d2447345a66954f26
410,0.6926918021345045,409,1,237c21b5b79f8308b4ee5c3907aed3e4dfe8451ef1f8bc6d2447345a66954f26
411,0.5574239255165594,410,1,237c21b5b79f8308b4ee5c3907aed3e4dfe8451ef1f8bc6d2447345a66954f26
412,0.59202937308158,411,1,237c21b5b79f8308b4ee5c3907aed3e4dfe8451ef1f8bc6d2447345a66954f26
413,0.5243283040581446,412,1,237c21b5b79f8308b4ee5c3907aed3e4dfe8451ef1f8bc6d2447345a66954f26
414,0.6971625363294152,413,1,237c21b5b79f8308b4ee5c3907aed3e4dfe8451ef1f8bc6d2447345a66954f26
415,0.6434117998886677,414,1,237c21b5b79f8308b4ee5c3907aed3e4dfe8451ef1f8bc6d2447345a66954f26
416,0.6019625956687378,415,1,237c21b5b79f8308b4ee5c3907aed3e4dfe8451ef1f8bc6d2447345a66954f26
417,0.5129452915625734,416,1,237c21b5b79f8308b4ee5c3907aed3e4dfe8451ef1f8bc6d2447345a66954f26
418,0.6356732941785594,417,1,237c21b5b79f8308b4ee5c3907aed3e4dfe8451ef1f8bc6d2447345a66954f26
419,0.7070831361306773,418,1,237c21b5b79f8308b4ee5c3907aed3e4dfe8451ef1f8bc6d2447345a66954f26
420,0.6859409131922303,419,1,237c21b5b79f8308b4ee5c3907aed3e4dfe8451ef1f8bc6d2447345a66954f26
421,0.5850395568631939,420,1,237c21b5b79f8308b4ee5c3907aed3e4dfe8451ef1f8bc6d2447345a66954f26
422,0.4211023095485871,421,1,237c21b5b79f8308b4ee5c3907aed3e4dfe8451ef1f8bc6d2447345a66954f26
423,0.6836638720199062,422,1,237c21b5b79f8308b4ee5c3907aed3e4dfe8451ef1f8bc6d2447345a66954f26
424,0.4505647869964734,423,1,237c21b5b79f8308b4ee5c3907aed3e4dfe8451ef1f8bc6d2447345a66954f26
425,0.5609787091955241,424,1,237c21b5b79f8308b4ee5c3907aed3e4dfe8451ef1f8bc6d2447345a66954f26
426,0.5124985926020145,425,1,237c21b5b79f8308b4ee5c3907aed3e4dfe8451ef1f8bc6d2447345a66954f26
427,0.7390585145592183,426,1,237c21b5b79f8308b4ee5c3907aed3e4dfe8451ef1f8bc6d2447345a66954f26
428,0.5141996338329271,427,1,237c21b5b79f8308b4ee5c3907aed3e4dfe8451ef1f8bc6d2447345a66954f26
429,0.5654919504886493,428,1,237c21b5b79f8308b4ee5c3907aed3e4dfe8451ef1f8bc6d2447345a66954f26
430,0.5696581990923733,429,1,237c21b5b79f8308b4ee5c3907aed3e4dfe8451ef1f8bc6d2447345a66954f26
431,0.6464807393622323,430,1,237c21b5b79f8308b4ee5c3907aed3e4dfe8451ef1f8bc6d2447345a66954f26
432,0.4787395777016172,431,1,237c21b5b79f8308b4ee5c3907aed3e4dfe8451ef1f8bc6d2447345a66954f26
433,0.6726028556444348,432,1,237c21b5b79f8308b4ee5c3907aed3e4dfe8451ef1f8bc6d2447345a66954f26
434,0.6768281761529238,433,1,237c21b5b79f8308b4ee5c3907aed3e4dfe8451ef1f8bc6d2447345a66954f26
435,0.6305490644055425,434,1,237c21b5b79f8308b4ee5c3907aed3e4dfe8451ef1f8bc6d2447345a66954f26
436,0.5270298828831552,435,1,237c21b5b79f8308b4ee5c3907aed3e4dfe8451ef1f8bc6d2447345a66954f26
437,0.7568118228809908,436,1,237c21b5b79f8308b4ee5c3907aed3e4dfe8451ef1f8bc6d2447345a66954f26
438,0.6989174625081525,437,1,237c21b5b79f8308b4ee5c3907aed3e4dfe8451ef1f8bc6d2447345a66954f26
439,0.6029020059031609,438,1,237c21b5b79f8308b4ee5c3907aed3e4dfe8451ef1f8bc6d2447345a66954f26
440,0.7322512839455158,439,1,237c21b5b79f8308b4ee5c3907aed3e4dfe8451ef1f8bc6d2447345a66954f26
441,0.6506586361747395,440,1,237c21b5b79f8308b4ee5c3907aed3e4dfe8451ef1f8bc6d2447345a66954f26
442,0.5987504372587433,441,1,237c21b5b79f8308b4ee5c3907aed3e4dfe8451ef1f8bc6d2447345a66954f26
443,0.6653407162521034,442,1,237c21b5b79f8308b4ee5c3907aed3e4dfe8451ef1f8bc6d2447345a66954f26
444,0.806941036018543,443,1,237c21b5b79f8308b4ee5c3907aed3e4dfe8451ef1f8bc6d2447345a66954f26
445,0.7697222958231578,444,1,237c21b5b79f8308b4ee5c3907aed3e4dfe8451ef1f8bc6d2447345a66954f26
446,0.4897298739370476,445,1,237c21b5b79f8308b4ee5c3907aed3e4dfe8451ef1f8bc6d2447345a66954f26
447,0.6579932416725569,446,1,237c21b5b79f8308b4ee5c3907aed3e4dfe8451ef1f8bc6d2447345a66954f26
448,0.7461252618222716,447,1,237c21b5b79f8308b4ee5c3907aed3e4dfe8451ef1f8bc6d2447345a66954f26
449,0.6387335578385518,448,1,237c21b5b79f8308b4ee5c3907aed3e4dfe8451ef1f8bc6d2447345a66954f26
450,0.803739497634524,449,1,237c21b5b79f8308b4ee5c3907aed3e4dfe8451ef1f8bc6d2447345a66954f26
451,0.58067425279296,450,1,237c21b5b79f8308b4ee5c3907aed3e4dfe8451ef1f8bc6d2447345a66954f26
452,0.5745583835640886,451,1,237c21b5b79f8308b4ee5c3907aed3e4dfe8451ef1f8bc6d2447345a66954f26
453,0.6638846494581685,452,1,237c21b5b79f8308b4ee5c3907aed3e4dfe8451ef1f8bc6d2447345a66954f26
454,0.5547652314124321,453,1,237c21b5b79f8308b4ee5c3907aed3e4dfe8451ef1f8bc6d2447345a66954f26
455,0.6018951252744955,454,1,237c21b5b79f8308b4ee5c3907aed3e4dfe8451ef1f8bc6d2447345a66954f26
456,0.6586444864478835,455,1,237c21b5b79f8308b4ee5c3907aed3e4dfe8451ef1f8bc6d2447345a66954f26
457,0.5328358181163821,456,1,237c21b5b79f8308b4ee5c3907aed3e4dfe8451ef1f8bc6d2447345a66954f26
458,0.5614555109659705,457,1,237c21b5b79f8308b4ee5c3907aed3e4dfe8451ef1f8bc6d2447345a66954f26
459,0.7616105779792406,458,1,237c21b5b79f8308b4ee5c3907aed3e4dfe8451ef1f8bc6d2447345a66954f26
460,0.6710906697226164,459,1,237c21b5b79f8308b4ee5c3907aed3e4dfe8451ef1f8bc6d2447345a66954f26
461,0.4574150088592432,460,1,237c21b5b79f8308b4ee5c3907aed3e4dfe8451ef1f8bc6d2447345a66954f26
462,0.7754680687794462,461,1,237c21b5b79f8308b4ee5c3907aed3e4dfe8451ef1f8bc6d2447345a66954f26
463,0.6236245412146673,462,1,237c21b5b79f8308b4ee5c3907aed3e4dfe8451ef1f8bc6d2447345a66954f26
464,0.5545488265051972,463,1,237c21b5b79f8308b4ee5c3907aed3e4dfe8451ef1f8bc6d2447345a66954f26
465,0.8562013551127166,464,1,237c21b5b79f8308b4ee5c3907aed3e4dfe8451ef1f8bc6d2447345a66954f26
466,0.6336093620157044,465,1,237c21b5b79f8308b4ee5c3907aed3e4dfe8451ef1f8bc6d2447345a66954f26
467,0.5549806449693335,466,1,237c21b5b79f8308b4ee5c3907aed3e4dfe8451ef1f8bc6d2447345a66954f26
468,0.7501561659155414,467,1,237c21b5b79f8308b4ee5c3907aed3e4dfe8451ef1f8bc6d2447345a66954f26
469,0.6298178016731981,468,1,237c21b5b79f8308b4ee5c3907aed3e4dfe8451ef1f8bc6d2447345a66954f26
470,0.6151311641224311,469,1,237c21b5b79f8308b4ee5c3907aed3e4dfe8451ef1f8bc6d2447345a66954f26
471,0.5907649143846356,470,1,237c21b5b79f8308b4ee5c3907aed3e4dfe8451ef1f8bc6d2447345a66954f26
472,0.6247648344135426,471,1,237c21b5b79f8308b4ee5c3907aed3e4dfe8451ef1f8bc6d2447345a66954f26
473,0.7512903129536426,472,1,237c21b5b79f8308b4ee5c3907aed3e4dfe8451ef1f8bc6d2447345a66954f26
474,0.7980782514205202,473,1,237c21b5b79f8308b4ee5c3907aed3e4dfe8451ef1f8bc6d2447345a66954f26
475,0.4861183970351703,474,1,237c21b5b79f8308b4ee5c3907aed3e4dfe8451ef1f8bc6d2447345a66954f26
476,0.5084371241888377,475,1,237c21b5b79f8308b4ee5c3907aed3e4dfe8451ef1f8bc6d2447345a66954f26
477,0.7809927039161266,476,1,237c21b5b79f8308b4ee5c3907aed3e4dfe8451ef1f8bc6d2447345a66954f26
478,0.7212635604664683,477,1,237c21b5b79f8308b4ee5c3907aed3e4dfe8451ef1f8bc6d2447345a66954f26
479,0.398034580211309,478,1,237c21b5b79f8308b4ee5c3907aed3e4dfe8451ef1f8bc6d2447345a66954f26
480,0.6298886608187786,479,1,237c21b5b79f8308b4ee5c3907aed3e4dfe8451ef1f8bc6d2447345a66954f26
481,0.7311687731416896,480,1,237c21b5b79f8308b4ee5c3907aed3e4dfe8451ef1f8bc6d2447345a66954f26
482,0.6165468764374964,481,1,237c21b5b79f8308b4ee5c3907aed3e4dfe8451ef1f8bc6d2447345a66954f26
483,0.7297622255719034,482,1,237c21b5b79f8308b4ee5c3907aed3e4dfe8451ef1f8bc6d2447345a66954f26
484,0.748175165569819,483,1,237c21b5b79f8308b4ee5c3907aed3e4dfe8451ef1f8bc6d2447345a66954f26
485,0.6168345059552962,484,1,237c21b5b79f8308b4ee5c3907aed3e4dfe8451ef1f8bc6d2447345a66954f26
486,0.7786990671993408,485,1,237c21b5b79f8308b4ee5c3907aed3e4dfe8451ef1f8bc6d2447345a66954f26
487,0.5006848315098944,486,1,237c21b5b79f8308b4ee5c3907aed3e4dfe8451ef1f8bc6d2447345a66954f26
488,0.5935479095590566,487,1,237c21b5b79f8308b4ee5c3907aed3e4dfe8451ef1f8bc6d2447345a66954f26
489,0.579960581875639,488,1,237c21b5b79f8308b4ee5c3907aed3e4dfe8451ef1f8bc6d2447345a66954f26
490,0.6016824847617954,489,1,237c21b5b79f8308b4ee5c3907aed3e4dfe8451ef1f8bc6d2447345a66954f26
491,0.7343441792945669,490,1,237c21b5b79f8308b4ee5c3907aed3e4dfe8451ef1f8bc6d2447345a66954f26
492,0.614275958349026,491,1,237c21b5b79f8308b4ee5c3907aed3e4dfe8451ef1f8bc6d2447345a66954f26
493,0.7188960376661271,492,1,237c21b5b79f8308b4ee5c3907aed3e4dfe8451ef1f8bc6d2447345a66954f26
494,0.622213467706473,493,1,237c21b5b79f8308b4ee5c3907aed3e4dfe8451ef1f8bc6d2447345a66954f26
495,0.682909409457352,494,1,237c21b5b79f8308b4ee5c3907aed3e4dfe8451ef1f8bc6d2447345a66954f26
496,0.6165135352639481,495,1,237c21b5b79f8308b4ee5c3907aed3e4dfe8451ef1f8bc6d2447345a66954f26
497,0.599961200809048,496,1,237c21b5b79f8308b4ee5c3907aed3e4dfe8451ef1f8bc6d2447345a66954f26
498,0.5998829663731158,497,1,237c21b5b79f8308b4ee5c3907aed3e4dfe8451ef1f8bc6d2447345a66954f26
499,0.6378568229629309,498,1,237c21b5b79f8308b4ee5c3907aed3e4dfe8451ef1f8bc6d2447345a66954f26
500,0.6819267373757611,499,1,237c21b5b79f8308b4ee5c3907aed3e4dfe8451ef1f8bc6d2447345a66954f26
501,0.5054324928460119,500,1,237c21b5b79f8308b4ee5c3907aed3e4dfe8451ef1f8bc6d2447345a66954f26
502,0.6606456855990928,501,1,237c21b5b79f8308b4ee5c3907aed3e4dfe8451ef1f8bc6d2447345a66954f26
503,0.4438389221987791,502,1,237c21b5b79f8308b4ee5c3907aed3e4dfe8451ef1f8bc6d2447345a66954f26
504,0.8065223435930946,503,1,237c21b5b79f8308b4ee5c3907aed3e4dfe8451ef1f8bc6d2447345a66954f26
505,0.5187642710165221,504,1,237c21b5b79f8308b4ee5c3907aed3e4dfe8451ef1f8bc6d2447345a66954f26
506,0.5576491965912282,505,1,237c21b5b79f8308b4ee5c3907aed3e4dfe8451ef1f8bc6d2447345a66954f26
507,0.7252055630087852,506,1,237c21b5b79f8308b4ee5c3907aed3e4dfe8451ef1f8bc6d2447345a66954f26
508,0.675185342784971,507,1,237c21b5b79f8308b4ee5c3907aed3e4dfe8451ef1f8bc6d2447345a66954f26
509,0.6585804059868678,508,1,237c21b5b79f8308b4ee5c3907aed3e4dfe8451ef1f8bc6d2447345a66954f26
510,0.6773962694514921,509,1,237c21b5b79f8308b4ee5c3907aed3e4dfe8451ef1f8bc6d2447345a66954f26
511,0.6148008585441858,510,1,237c21b5b79f8308b4ee5c3907aed3e4dfe8451ef1f8bc6d2447345a66954f26
512,0.5844563315128699,511,1,237c21b5b79f8308b4ee5c3907aed3e4dfe8451ef1f8bc6d2447345a66954f26
513,0.7252897834405303,512,1,237c21b5b79f8308b4ee5c3907aed3e4dfe8451ef1f8bc6d2447345a66954f26
514,0.7643939589338515,513,1,237c21b5b79f8308b4ee5c3907aed3e4dfe8451ef1f8bc6d2447345a66954f26
515,0.4806365634140093,514,1,237c21b5b79f8308b4ee5c3907aed3e4dfe8451ef1f8bc6d2447345a66954f26
516,0.6510597632659483,515,1,237c21b5b79f8308b4ee5c3907aed3e4dfe8451ef1f8bc6d2447345a66954f26
517,0.8356252980995009,516,1,237c21b5b79f8308b4ee5c3907aed3e4dfe8451ef1f8bc6d2447345a66954f26
518,0.8216948483604938,517,1,237c21b5b79f8308b4ee5c3907aed3e4dfe8451ef1f8bc6d2447345a66954f26
519,0.5719867827974667,518,1,237c21b5b79f8308b4ee5c3907aed3e4dfe8451ef1f8bc6d2447345a66954f26
520,0.5828310640181371,519,1,237c21b5b79f8308b4ee5c3907aed3e4dfe8451ef1f8bc6d2447345a66954f26
521,0.5287331263534725,520,1,237c21b5b79f8308b4ee5c3907aed3e4dfe8451ef1f8bc6d2447345a66954f26
522,0.7387167707311164,521,1,237c21b5b79f8308b4ee5c3907aed3e4dfe8451ef1f8bc6d2447345a66954f26
523,0.6694991261247196,522,1,237c21b5b79f8308b4ee5c3907aed3e4dfe8451ef1f8bc6d2447345a66954f26
524,0.6023399834230077,523,1,237c21b5b79f8308b4ee5c3907aed3e4dfe8451ef1f8bc6d2447345a66954f26
525,0.6208073779703116,524,1,237c21b5b79f8308b4ee5c3907aed3e4dfe8451ef1f8bc6d2447345a66954f26
526,0.745771854519262,525,1,237c21b5b79f8308b4ee5c3907aed3e4dfe8451ef1f8bc6d2447345a66954f26
527,0.5952431563782739,526,1,237c21b5b79f8308b4ee5c3907aed3e4dfe8451ef1f8bc6d2447345a66954f26
528,0.5695778889785288,527,1,237c21b5b79f8308b4ee5c3907aed3e4dfe8451ef1f8bc6d2447345a66954f26
529,0.6508818176807836,528,1,237c21b5b79f8308b4ee5c3907aed3e4dfe8451ef1f8bc6d2447345a66954f26
530,0.6742094261874644,529,1,237c21b5b79f8308b4ee5c3907aed3e4dfe8451ef1f8bc6d2447345a66954f26
531,0.597507147622764,530,1,237c21b5b79f8308b4ee5c3907aed3e4dfe8451ef1f8bc6d2447345a66954f26
532,0.5707422628911445,531,1,237c21b5b79f8308b4ee5c3907aed3e4dfe8451ef1f8bc6d2447345a66954f26
533,0.6500959654222935,532,1,237c21b5b79f8308b4ee5c3907aed3e4dfe8451ef1f8bc6d2447345a66954f26
534,0.7320366672392993,533,1,237c21b5b79f8308b4ee5c3907aed3e4dfe8451ef1f8bc6d2447345a66954f26
535,0.799596125079006,534,1,237c21b5b79f8308b4ee5c3907aed3e4dfe8451ef1f8bc6d2447345a66954f26
536,0.6898769740827504,535,1,237c21b5b79f8308b4ee5c3907aed3e4dfe8451ef1f8bc6d2447345a66954f26
537,0.6492715924442791,536,1,237c21b5b79f8308b4ee5c3907aed3e4dfe8451ef1f8bc6d2447345a66954f26
538,0.8568727206661606,537,1,237c21b5b79f8308b4ee5c3907aed3e4dfe8451ef1f8bc6d2447345a66954f26
539,0.8594202676322311,538,1,237c21b5b79f8308b4ee5c3907aed3e4dfe8451ef1f8bc6d2447345a66954f26
540,0.6506406302651158,539,1,237c21b5b79f8308b4ee5c3907aed3e4dfe8451ef1f8bc6d2447345a66954f26
541,0.6946741411084076,540,1,237c21b5b79f8308b4ee5c3907aed3e4dfe8451ef1f8bc6d2447345a66954f26
542,0.7032082878108668,541,1,237c21b5b79f8308b4ee5c3907aed3e4dfe8451ef1f8bc6d2447345a66954f26
543,0.6816485680174083,542,1,237c21b5b79f8308b4ee5c3907aed3e4dfe8451ef1f8bc6d2447345a66954f26
544,0.6366381867919699,543,1,237c21b5b79f8308b4ee5c3907aed3e4dfe8451ef1f8bc6d2447345a66954f26
545,0.5319144411867077,544,1,237c21b5b79f8308b4ee5c3907aed3e4dfe8451ef1f8bc6d2447345a66954f26
546,0.7245680289609595,545,1,237c21b5b79f8308b4ee5c3907aed3e4dfe8451ef1f8bc6d2447345a66954f26
547,0.5288099010358565,546,1,237c21b5b79f8308b4ee5c3907aed3e4dfe8451ef1f8bc6d2447345a66954f26
548,0.7489039287902415,547,1,237c21b5b79f8308b4ee5c3907aed3e4dfe8451ef1f8bc6d2447345a66954f26
549,0.7444714021403342,548,1,237c21b5b79f8308b4ee5c3907aed3e4dfe8451ef1f8bc6d2447345a66954f26
550,0.424319795682095,549,1,237c21b5b79f8308b4ee5c3907aed3e4dfe8451ef1f8bc6d2447345a66954f26
551,0.5876217969666868,550,1,237c21b5b79f8308b4ee5c3907aed3e4dfe8451ef1f8bc6d2447345a66954f26
552,0.5340319818133139,551,1,237c21b5b79f8308b4ee5c3907aed3e4dfe8451ef1f8bc6d2447345a66954f26
553,0.5651281404043402,552,1,237c21b5b79f8308b4ee5c3907aed3e4dfe8451ef1f8bc6d2447345a66954f26
554,0.6156483924914082,553,1,237c21b5b79f8308b4ee5c3907aed3e4dfe8451ef1f8bc6d2447345a66954f26
555,0.7091403267229737,554,1,237c21b5b79f8308b4ee5c3907aed3e4dfe8451ef1f8bc6d2447345a66954f26
556,0.7087314636446536,555,1,237c21b5b79f8308b4ee5c3907aed3e4dfe8451ef1f8bc6d2447345a66954f26
557,0.5564967963158551,556,1,237c21b5b79f8308b4ee5c3907aed3e4dfe8451ef1f8bc6d2447345a66954f26
558,0.5172932666700945,557,1,237c21b5b79f8308b4ee5c3907aed3e4dfe8451ef1f8bc6d2447345a66954f26
559,0.6632398131509505,558,1,237c21b5b79f8308b4ee5c3907aed3e4dfe8451ef1f8bc6d2447345a66954f26
560,0.6167984398502604,559,1,237c21b5b79f8308b4ee5c3907aed3e4dfe8451ef1f8bc6d2447345a66954f26
561,0.6053077366959769,560,1,237c21b5b79f8308b4ee5c3907aed3e4dfe8451ef1f8bc6d2447345a66954f26
562,0.7265053284028227,561,1,237c21b5b79f8308b4ee5c3907aed3e4dfe8451ef1f8bc6d2447345a66954f26
563,0.7727768565528095,562,1,237c21b5b79f8308b4ee5c3907aed3e4dfe8451ef1f8bc6d2447345a66954f26
564,0.7943823996884021,563,1,237c21b5b79f8308b4ee5c3907aed3e4dfe8451ef1f8bc6d2447345a66954f26
565,0.6016109379561385,564,1,237c21b5b79f8308b4ee5c3907aed3e4dfe8451ef1f8bc6d2447345a66954f26
566,0.3849778793855876,565,1,237c21b5b79f8308b4ee5c3907aed3e4dfe8451ef1f8bc6d2447345a66954f26
567,0.447912917828944,566,1,237c21b5b79f8308b4ee5c3907aed3e4dfe8451ef1f8bc6d2447345a66954f26
568,0.7077589981126948,567,1,237c21b5b79f8308b4ee5c3907aed3e4dfe8451ef1f8bc6d2447345a66954f26
569,0.7351537736249156,568,1,237c21b5b79f8308b4ee5c3907aed3e4dfe8451ef1f8bc6d2447345a66954f26
570,0.4806734242182964,569,1,237c21b5b79f8308b4ee5c3907aed3e4dfe8451ef1f8bc6d2447345a66954f26
571,0.3379181873024208,570,1,237c21b5b79f8308b4ee5c3907aed3e4dfe8451ef1f8bc6d2447345a66954f26
572,0.6221332340901427,571,1,237c21b5b79f8308b4ee5c3907aed3e4dfe8451ef1f8bc6d2447345a66954f26
573,0.7341035183053464,572,1,237c21b5b79f8308b4ee5c3907aed3e4dfe8451ef1f8bc6d2447345a66954f26
574,0.5429252211669109,573,1,237c21b5b79f8308b4ee5c3907aed3e4dfe8451ef1f8bc6d2447345a66954f26
575,0.6175218521659644,574,1,237c21b5b79f8308b4ee5c3907aed3e4dfe8451ef1f8bc6d2447345a66954f26
576,0.5195921132763033,575,1,237c21b5b79f8308b4ee5c3907aed3e4dfe8451ef1f8bc6d2447345a66954f26
577,0.7312787574956019,576,1,237c21b5b79f8308b4ee5c3907aed3e4dfe8451ef1f8bc6d2447345a66954f26
578,0.6698567223138525,577,1,237c21b5b79f8308b4ee5c3907aed3e4dfe8451ef1f8bc6d2447345a66954f26
579,0.6364921898124578,578,1,237c21b5b79f8308b4ee5c3907aed3e4dfe8451ef1f8bc6d2447345a66954f26
580,0.6466075323141922,579,1,237c21b5b79f8308b4ee5c3907aed3e4dfe8451ef1f8bc6d2447345a66954f26
581,0.6222902678346145,580,1,237c21b5b79f8308b4ee5c3907aed3e4dfe8451ef1f8bc6d2447345a66954f26
582,0.5613220900786439,581,1,237c21b5b79f8308b4ee5c3907aed3e4dfe8451ef1f8bc6d2447345a66954f26
583,0.4669641497895753,582,1,237c21b5b79f8308b4ee5c3907aed3e4dfe8451ef1f8bc6d2447345a66954f26
584,0.8431289639411261,583,1,237c21b5b79f8308b4ee5c3907aed3e4dfe8451ef1f8bc6d2447345a66954f26
585,0.6937380943857079,584,1,237c21b5b79f8308b4ee5c3907aed3e4dfe8451ef1f8bc6d2447345a66954f26
586,0.5273381616643746,585,1,237c21b5b79f8308b4ee5c3907aed3e4dfe8451ef1f8bc6d2447345a66954f26
587,0.5372224156053562,586,1,237c21b5b79f8308b4ee5c3907aed3e4dfe8451ef1f8bc6d2447345a66954f26
588,0.6851549925631844,587,1,237c21b5b79f8308b4ee5c3907aed3e4dfe8451ef1f8bc6d2447345a66954f26
589,0.4809873806239011,588,1,237c21b5b79f8308b4ee5c3907aed3e4dfe8451ef1f8bc6d2447345a66954f26
590,0.5864856452696614,589,1,237c21b5b79f8308b4ee5c3907aed3e4dfe8451ef1f8bc6d2447345a66954f26
591,0.643120400765838,590,1,237c21b5b79f8308b4ee5c3907aed3e4dfe8451ef1f8bc6d2447345a66954f26
592,0.5155094408373245,591,1,237c21b5b79f8308b4ee5c3907aed3e4dfe8451ef1f8bc6d2447345a66954f26
593,0.7237695587100461,592,1,237c21b5b79f8308b4ee5c3907aed3e4dfe8451ef1f8bc6d2447345a66954f26
594,0.6612444042753509,593,1,237c21b5b79f8308b4ee5c3907aed3e4dfe8451ef1f8bc6d2447345a66954f26
595,0.6539637477435463,594,1,237c21b5b79f8308b4ee5c3907aed3e4dfe8451ef1f8bc6d2447345a66954f26
596,0.7183101314221858,595,1,237c21b5b79f8308b4ee5c3907aed3e4dfe8451ef1f8bc6d2447345a66954f26
597,0.7880851623085618,596,1,237c21b5b79f8308b4ee5c3907aed3e4dfe8451ef1f8bc6d2447345a66954f26
598,0.6045676365173449,597,1,237c21b5b79f8308b4ee5c3907aed3e4dfe8451ef1f8bc6d2447345a66954f26
599,0.629735516938581,598,1,237c21b5b79f8308b4ee5c3907aed3e4dfe8451ef1f8bc6d2447345a66954f26
600,0.8843041320422742,599,1,237c21b5b79f8308b4ee5c3907aed3e4dfe8451ef1f8bc6d2447345a66954f26
601,0.7215989976539277,600,1,237c21b5b79f8308b4ee5c3907aed3e4dfe8451ef1f8bc6d2447345a66954f26
602,0.6415166860278987,601,1,237c21b5b79f8308b4ee5c3907aed3e4dfe8451ef1f8bc6d2447345a66954f26
603,0.5766042274590291,602,1,237c21b5b79f8308b4ee5c3907aed3e4dfe8451ef1f8bc6d2447345a66954f26
604,0.7498229827724572,603,1,237c21b5b79f8308b4ee5c3907aed3e4dfe8451ef1f8bc6d2447345a66954f26
605,0.4300786283638445,604,1,237c21b5b79f8308b4ee5c3907aed3e4dfe8451ef1f8bc6d2447345a66954f26
606,0.4959594776737503,605,1,237c21b5b79f8308b4ee5c3907aed3e4dfe8451ef1f8bc6d2447345a66954f26
607,0.7474074701895006,606,1,237c21b5b79f8308b4ee5c3907aed3e4dfe8451ef1f8bc6d2447345a66954f26
608,0.5847254323254845,607,1,237c21b5b79f8308b4ee5c3907aed3e4dfe8451ef1f8bc6d2447345a66954f26
609,0.6164652746297179,608,1,237c21b5b79f8308b4ee5c3907aed3e4dfe8451ef1f8bc6d2447345a66954f26
610,0.6938139045408889,609,1,237c21b5b79f8308b4ee5c3907aed3e4dfe8451ef1f8bc6d2447345a66954f26
611,0.4903329686421784,610,1,237c21b5b79f8308b4ee5c3907aed3e4dfe8451ef1f8bc6d2447345a66954f26
612,0.6030693908108447,611,1,237c21b5b79f8308b4ee5c3907aed3e4dfe8451ef1f8bc6d2447345a66954f26
613,0.6810392411571229,612,1,237c21b5b79f8308b4ee5c3907aed3e4dfe8451ef1f8bc6d2447345a66954f26
614,0.718684515315573,613,1,237c21b5b79f8308b4ee5c3907aed3e4dfe8451ef1f8bc6d2447345a66954f26
615,0.4738094855543996,614,1,237c21b5b79f8308b4ee5c3907aed3e4dfe8451ef1f8bc6d2447345a66954f26
616,0.6312692826177226,615,1,237c21b5b79f8308b4ee5c3907aed3e4dfe8451ef1f8bc6d2447345a66954f26
617,0.7749620194081217,616,1,237c21b5b79f8308b4ee5c3907aed3e4dfe8451ef1f8bc6d2447345a66954f26
618,0.4941559958019752,617,1,237c21b5b79f8308b4ee5c3907aed3e4dfe8451ef1f8bc6d2447345a66954f26
619,0.5141695293827127,618,1,237c21b5b79f8308b4ee5c3907aed3e4dfe8451ef1f8bc6d2447345a66954f26
620,0.4914579307478561,619,1,237c21b5b79f8308b4ee5c3907aed3e4dfe8451ef1f8bc6d2447345a66954f26
621,0.575308643426979,620,1,237c21b5b79f8308b4ee5c3907aed3e4dfe8451ef1f8bc6d2447345a66954f26
622,0.5234002457227973,621,1,237c21b5b79f8308b4ee5c3907aed3e4dfe8451ef1f8bc6d2447345a66954f26
623,0.733667993610652,622,1,237c21b5b79f8308b4ee5c3907aed3e4dfe8451ef1f8bc6d2447345a66954f26
624,0.723634491015055,623,1,237c21b5b79f8308b4ee5c3907aed3e4dfe8451ef1f8bc6d2447345a66954f26
625,0.6900906188307854,624,1,237c21b5b79f8308b4ee5c3907aed3e4dfe8451ef1f8bc6d2447345a66954f26
626,0.5536887551570544,625,1,237c21b5b79f8308b4ee5c3907aed3e4dfe8451ef1f8bc6d2447345a66954f26
627,0.7784657763859286,626,1,237c21b5b79f8308b4ee5c3907aed3e4dfe8451ef1f8bc6d2447345a66954f26
628,0.4353768588070149,627,1,237c21b5b79f8308b4ee5c3907aed3e4dfe8451ef1f8bc6d2447345a66954f26
629,0.7965262406005991,628,1,237c21b5b79f8308b4ee5c3907aed3e4dfe8451ef1f8bc6d2447345a66954f26
630,0.4743310611429479,629,1,237c21b5b79f8308b4ee5c3907aed3e4dfe8451ef1f8bc6d2447345a66954f26
631,0.6189834401448024,630,1,237c21b5b79f8308b4ee5c3907aed3e4dfe8451ef1f8bc6d2447345a66954f26
632,0.6020625364924399,631,1,237c21b5b79f8308b4ee5c3907aed3e4dfe8451ef1f8bc6d2447345a66954f26
633,0.5040606391412439,632,1,237c21b5b79f8308b4ee5c3907aed3e4dfe8451ef1f8bc6d2447345a66954f26
634,0.6538482874059355,633,1,237c21b5b79f8308b4ee5c3907aed3e4dfe8451ef1f8bc6d2447345a66954f26
635,0.5458812032666174,634,1,237c21b5b79f8308b4ee5c3907aed3e4dfe8451ef1f8bc6d2447345a66954f26
636,0.6189225682319375,635,1,237c21b5b79f8308b4ee5c3907aed3e4dfe8451ef1f8bc6d2447345a66954f26
637,0.6654575397869849,636,1,237c21b5b79f8308b4ee5c3907aed3e4dfe8451ef1f8bc6d2447345a66954f26
638,0.7233727387319959,637,1,237c21b5b79f8308b4ee5c3907aed3e4dfe8451ef1f8bc6d2447345a66954f26
639,0.7727493997736019,638,1,237c21b5b79f8308b4ee5c3907aed3e4dfe8451ef1f8bc6d2447345a66954f26
640,0.6700998672749847,639,1,237c21b5b79f8308b4ee5c3907aed3e4dfe8451ef1f8bc6d2447345a66954f26
641,0.732657058331597,640,1,237c21b5b79f8308b4ee5c3907aed3e4dfe8451ef1f8bc6d2447345a66954f26
642,0.7009531947551295,641,1,237c21b5b79f8308b4ee5c3907aed3e4dfe8451ef1f8bc6d2447345a66954f26
643,0.6147883490530148,642,1,237c21b5b79f8308b4ee5c3907aed3e4dfe8451ef1f8bc6d2447345a66954f26
644,0.7322780164904543,643,1,237c21b5b79f8308b4ee5c3907aed3e4dfe8451ef1f8bc6d2447345a66954f26
645,0.7060161514673382,644,1,237c21b5b79f8308b4ee5c3907aed3e4dfe8451ef1f8bc6d2447345a66954f26
646,0.7860638377673581,645,1,237c21b5b79f8308b4ee5c3907aed3e4dfe8451ef1f8bc6d2447345a66954f26
647,0.8191061717807315,646,1,237c21b5b79f8308b4ee5c3907aed3e4dfe8451ef1f8bc6d2447345a66954f26
648,0.8123095771297812,647,1,237c21b5b79f8308b4ee5c3907aed3e4dfe8451ef1f8bc6d2447345a66954f26
649,0.5274708725628443,648,1,237c21b5b79f8308b4ee5c3907aed3e4dfe8451ef1f8bc6d2447345a66954f26
650,0.7489436755299721,649,1,237c21b5b79f8308b4ee5c3907aed3e4dfe8451ef1f8bc6d2447345a66954f26
651,0.6441883092742273,650,1,237c21b5b79f8308b4ee5c3907aed3e4dfe8451ef1f8bc6d2447345a66954f26
652,0.7107356948276902,651,1,237c21b5b79f8308b4ee5c3907aed3e4dfe8451ef1f8bc6d2447345a66954f26
653,0.5131863889370152,652,1,237c21b5b79f8308b4ee5c3907aed3e4dfe8451ef1f8bc6d2447345a66954f26
654,0.8023577308485983,653,1,237c21b5b79f8308b4ee5c3907aed3e4dfe8451ef1f8bc6d2447345a66954f26
655,0.6064573286105599,654,1,237c21b5b79f8308b4ee5c3907aed3e4dfe8451ef1f8bc6d2447345a66954f26
656,0.7401260684709996,655,1,237c21b5b79f8308b4ee5c3907aed3e4dfe8451ef1f8bc6d2447345a66954f26
657,0.7176637335214764,656,1,237c21b5b79f8308b4ee5c3907aed3e4dfe8451ef1f8bc6d2447345a66954f26
658,0.6534233933043936,657,1,237c21b5b79f8308b4ee5c3907aed3e4dfe8451ef1f8bc6d2447345a66954f26
659,0.6132125875592465,658,1,237c21b5b79f8308b4ee5c3907aed3e4dfe8451ef1f8bc6d2447345a66954f26
660,0.6857227762229741,659,1,237c21b5b79f8308b4ee5c3907aed3e4dfe8451ef1f8bc6d2447345a66954f26
661,0.6357125722570345,660,1,237c21b5b79f8308b4ee5c3907aed3e4dfe8451ef1f8bc6d2447345a66954f26
662,0.7912469073780812,661,1,237c21b5b79f8308b4ee5c3907aed3e4dfe8451ef1f8bc6d2447345a66954f26
663,0.8178580928745993,662,1,237c21b5b79f8308b4ee5c3907aed3e4dfe8451ef1f8bc6d2447345a66954f26
664,0.7787594144592731,663,1,237c21b5b79f8308b4ee5c3907aed3e4dfe8451ef1f8bc6d2447345a66954f26
665,0.4649568142413045,664,1,237c21b5b79f8308b4ee5c3907aed3e4dfe8451ef1f8bc6d2447345a66954f26
666,0.4729602912557311,665,1,237c21b5b79f8308b4ee5c3907aed3e4dfe8451ef1f8bc6d2447345a66954f26
667,0.6990875084084109,666,1,237c21b5b79f8308b4ee5c3907aed3e4dfe8451ef1f8bc6d2447345a66954f26
668,0.82492856920544,667,1,237c21b5b79f8308b4ee5c3907aed3e4dfe8451ef1f8bc6d2447345a66954f26
669,0.6717934856439456,668,1,237c21b5b79f8308b4ee5c3907aed3e4dfe8451ef1f8bc6d2447345a66954f26
670,0.6625643944134936,669,1,237c21b5b79f8308b4ee5c3907aed3e4dfe8451ef1f8bc6d2447345a66954f26
671,0.742412028106628,670,1,237c21b5b79f8308b4ee5c3907aed3e4dfe8451ef1f8bc6d2447345a66954f26
672,0.4481239381912303,671,1,237c21b5b79f8308b4ee5c3907aed3e4dfe8451ef1f8bc6d2447345a66954f26
673,0.5348178273272879,672,1,237c21b5b79f8308b4ee5c3907aed3e4dfe8451ef1f8bc6d2447345a66954f26
674,0.7289489560862421,673,1,237c21b5b79f8308b4ee5c3907aed3e4dfe8451ef1f8bc6d2447345a66954f26
675,0.7125128335270006,674,1,237c21b5b79f8308b4ee5c3907aed3e4dfe8451ef1f8bc6d2447345a66954f26
676,0.7920366861894763,675,1,237c21b5b79f8308b4ee5c3907aed3e4dfe8451ef1f8bc6d2447345a66954f26
677,0.5498447291188953,676,1,237c21b5b79f8308b4ee5c3907aed3e4dfe8451ef1f8bc6d2447345a66954f26
678,0.6580794372566743,677,1,237c21b5b79f8308b4ee5c3907aed3e4dfe8451ef1f8bc6d2447345a66954f26
679,0.6270523773554455,678,1,237c21b5b79f8308b4ee5c3907aed3e4dfe8451ef1f8bc6d2447345a66954f26
680,0.585322043101101,679,1,237c21b5b79f8308b4ee5c3907aed3e4dfe8451ef1f8bc6d2447345a66954f26
681,0.5800765297474868,680,1,237c21b5b79f8308b4ee5c3907aed3e4dfe8451ef1f8bc6d2447345a66954f26
682,0.7336695998637879,681,1,237c21b5b79f8308b4ee5c3907aed3e4dfe8451ef1f8bc6d2447345a66954f26
683,0.6769432950823102,682,1,237c21b5b79f8308b4ee5c3907aed3e4dfe8451ef1f8bc6d2447345a66954f26
684,0.782458295696415,683,1,237c21b5b79f8308b4ee5c3907aed3e4dfe8451ef1f8bc6d2447345a66954f26
685,0.5498281745240092,684,1,237c21b5b79f8308b4ee5c3907aed3e4dfe8451ef1f8bc6d2447345a66954f26
686,0.6498215915260879,685,1,237c21b5b79f8308b4ee5c3907aed3e4dfe8451ef1f8bc6d2447345a66954f26
687,0.7119847472499714,686,1,237c21b5b79f8308b4ee5c3907aed3e4dfe8451ef1f8bc6d2447345a66954f26
688,0.6916172496222213,687,1,237c21b5b79f8308b4ee5c3907aed3e4dfe8451ef1f8bc6d2447345a66954f26
689,0.7669496322050691,688,1,237c21b5b79f8308b4ee5c3907aed3e4dfe8451ef1f8bc6d2447345a66954f26
690,0.6465248178363288,689,1,237c21b5b79f8308b4ee5c3907aed3e4dfe8451ef1f8bc6d2447345a66954f26
691,0.5450566613581032,690,1,237c21b5b79f8308b4ee5c3907aed3e4dfe8451ef1f8bc6d2447345a66954f26
692,0.6357880460058709,691,1,237c21b5b79f8308b4ee5c3907aed3e4dfe8451ef1f8bc6d2447345a66954f26
693,0.7263511736819055,692,1,237c21b5b79f8308b4ee5c3907aed3e4dfe8451ef1f8bc6d2447345a66954f26
694,0.7657430591061711,693,1,237c21b5b79f8308b4ee5c3907aed3e4dfe8451ef1f8bc6d2447345a66954f26
695,0.6921327375293913,694,1,237c21b5b79f8308b4ee5c3907aed3e4dfe8451ef1f8bc6d2447345a66954f26
696,0.6725021250931604,695,1,237c21b5b79f8308b4ee5c3907aed3e4dfe8451ef1f8bc6d2447345a66954f26
697,0.7059544923524754,696,1,237c21b5b79f8308b4ee5c3907aed3e4dfe8451ef1f8bc6d2447345a66954f26
698,0.7124859569485125,697,1,237c21b5b79f8308b4ee5c3907aed3e4dfe8451ef1f8bc6d2447345a66954f26
699,0.9039243799634278,698,1,1333ebc38ca7f268732fc93a7fe6c7564a1b809c43e77dbfb8990d4c6e101c7a
700,0.6899707932025194,699,1,1333ebc38ca7f268732fc93a7fe6c7564a1b809c43e77dbfb8990d4c6e101c7a
701,0.6742393707390875,700,1,1333ebc38ca7f268732fc93a7fe6c7564a1b809c43e77dbfb8990d4c6e101c7a
702,0.563949800431601,701,1,1333ebc38ca7f268732fc93a7fe6c7564a1b809c43e77dbfb8990d4c6e101c7a
703,0.3560429902160134,702,1,1333ebc38ca7f268732fc93a7fe6c7564a1b809c43e77dbfb8990d4c6e101c7a
704,0.748172810919641,703,1,1333ebc38ca7f268732fc93a7fe6c7564a1b809c43e77dbfb8990d4c6e101c7a
705,0.7732888401951641,704,1,1333ebc38ca7f268732fc93a7fe6c7564a1b809c43e77dbfb8990d4c6e101c7a
706,0.7490251417316358,705,1,1333ebc38ca7f268732fc93a7fe6c7564a1b809c43e77dbfb8990d4c6e101c7a
707,0.6044743724778527,706,1,1333ebc38ca7f268732fc93a7fe6c7564a1b809c43e77dbfb8990d4c6e101c7a
708,0.6554948394530911,707,1,1333ebc38ca7f268732fc93a7fe6c7564a1b809c43e77dbfb8990d4c6e101c7a
709,0.3815156677003273,708,1,1333ebc38ca7f268732fc93a7fe6c7564a1b809c43e77dbfb8990d4c6e101c7a
710,0.6296533165219103,709,1,1333ebc38ca7f268732fc93a7fe6c7564a1b809c43e77dbfb8990d4c6e101c7a
711,0.6965368714882061,710,1,1333ebc38ca7f268732fc93a7fe6c7564a1b809c43e77dbfb8990d4c6e101c7a
712,0.7644330291224648,711,1,1333ebc38ca7f268732fc93a7fe6c7564a1b809c43e77dbfb8990d4c6e101c7a
713,0.5573905914255306,712,1,1333ebc38ca7f268732fc93a7fe6c7564a1b809c43e77dbfb8990d4c6e101c7a
714,0.6677714388395088,713,1,1333ebc38ca7f268732fc93a7fe6c7564a1b809c43e77dbfb8990d4c6e101c7a
715,0.4770865975116294,714,1,1333ebc38ca7f268732fc93a7fe6c7564a1b809c43e77dbfb8990d4c6e101c7a
716,0.4898987340395138,715,1,1333ebc38ca7f268732fc93a7fe6c7564a1b809c43e77dbfb8990d4c6e101c7a
717,0.3873202124495947,716,1,1333ebc38ca7f268732fc93a7fe6c7564a1b809c43e77dbfb8990d4c6e101c7a
718,0.8204608810337959,717,1,1333ebc38ca7f268732fc93a7fe6c7564a1b809c43e77dbfb8990d4c6e101c7a
719,0.5609633633515045,718,1,1333ebc38ca7f268732fc93a7fe6c7564a1b809c43e77dbfb8990d4c6e101c7a
720,0.8173658204032108,719,1,1333ebc38ca7f268732fc93a7fe6c7564a1b809c43e77dbfb8990d4c6e101c7a
721,0.624652242840547,720,1,1333ebc38ca7f268732fc93a7fe6c7564a1b809c43e77dbfb8990d4c6e101c7a
722,0.5532282090280205,721,1,1333ebc38ca7f268732fc93a7fe6c7564a1b809c43e77dbfb8990d4c6e101c7a
723,0.4644925239022086,722,1,1333ebc38ca7f268732fc93a7fe6c7564a1b809c43e77dbfb8990d4c6e101c7a
724,0.322466246492695,723,1,1333ebc38ca7f268732fc93a7fe6c7564a1b809c43e77dbfb8990d4c6e101c7a
725,0.8167993931765523,724,1,1333ebc38ca7f268732fc93a7fe6c7564a1b809c43e77dbfb8990d4c6e101c7a
726,0.6581079598443769,725,1,1333ebc38ca7f268732fc93a7fe6c7564a1b809c43e77dbfb8990d4c6e101c7a
727,0.7588585008707014,726,1,1333ebc38ca7f268732fc93a7fe6c7564a1b809c43e77dbfb8990d4c6e101c7a
728,0.7344777277612593,727,1,1333ebc38ca7f268732fc93a7fe6c7564a1b809c43e77dbfb8990d4c6e101c7a
729,0.7040848010524776,728,1,1333ebc38ca7f268732fc93a7fe6c7564a1b809c43e77dbfb8990d4c6e101c7a
730,0.858424037694931,729,1,1333ebc38ca7f268732fc93a7fe6c7564a1b809c43e77dbfb8990d4c6e101c7a
731,0.6215931893061679,730,1,1333ebc38ca7f268732fc93a7fe6c7564a1b809c43e77dbfb8990d4c6e101c7a
732,0.8001673857970104,731,1,1333ebc38ca7f268732fc93a7fe6c7564a1b809c43e77dbfb8990d4c6e101c7a
733,0.7265401747135911,732,1,1333ebc38ca7f268732fc93a7fe6c7564a1b809c43e77dbfb8990d4c6e101c7a
734,0.79685974111635,733,1,1333ebc38ca7f268732fc93a7fe6c7564a1b809c43e77dbfb8990d4c6e101c7a
735,0.6341186903724463,734,1,1333ebc38ca7f268732fc93a7fe6c7564a1b809c43e77dbfb8990d4c6e101c7a
736,0.5853524891511339,735,1,1333ebc38ca7f268732fc93a7fe6c7564a1b809c43e77dbfb8990d4c6e101c7a
737,0.6667820388897852,736,1,1333ebc38ca7f268732fc93a7fe6c7564a1b809c43e77dbfb8990d4c6e101c7a
738,0.6235535652231192,737,1,1333ebc38ca7f268732fc93a7fe6c7564a1b809c43e77dbfb8990d4c6e101c7a
739,0.6365298654609006,738,1,1333ebc38ca7f268732fc93a7fe6c7564a1b809c43e77dbfb8990d4c6e101c7a
740,0.7631614014705086,739,1,1333ebc38ca7f268732fc93a7fe6c7564a1b809c43e77dbfb8990d4c6e101c7a
741,0.7200666009521228,740,1,1333ebc38ca7f268732fc93a7fe6c7564a1b809c43e77dbfb8990d4c6e101c7a
742,0.5194957561325282,741,1,1333ebc38ca7f268732fc93a7fe6c7564a1b809c43e77dbfb8990d4c6e101c7a
743,0.6629770755917939,742,1,1333ebc38ca7f268732fc93a7fe6c7564a1b809c43e77dbfb8990d4c6e101c7a
744,0.5516173275239709,743,1,1333ebc38ca7f268732fc93a7fe6c7564a1b809c43e77dbfb8990d4c6e101c7a
745,0.5869395364105117,744,1,1333ebc38ca7f268732fc93a7fe6c7564a1b809c43e77dbfb8990d4c6e101c7a
746,0.5918766568647698,745,1,1333ebc38ca7f268732fc93a7fe6c7564a1b809c43e77dbfb8990d4c6e101c7a
747,0.5703938781316538,746,1,1333ebc38ca7f268732fc93a7fe6c7564a1b809c43e77dbfb8990d4c6e101c7a
748,0.7343108769273385,747,1,1333ebc38ca7f268732fc93a7fe6c7564a1b809c43e77dbfb8990d4c6e101c7a
749,0.7093296788603993,748,1,1333ebc38ca7f268732fc93a7fe6c7564a1b809c43e77dbfb8990d4c6e101c7a
750,0.803613793185562,749,1,1333ebc38ca7f268732fc93a7fe6c7564a1b809c43e77dbfb8990d4c6e101c7a
751,0.5981507520918967,750,1,1333ebc38ca7f268732fc93a7fe6c7564a1b809c43e77dbfb8990d4c6e101c7a
752,0.5391169049354474,751,1,1333ebc38ca7f268732fc93a7fe6c7564a1b809c43e77dbfb8990d4c6e101c7a
753,0.4662547532592498,752,1,1333ebc38ca7f268732fc93a7fe6c7564a1b809c43e77dbfb8990d4c6e101c7a
754,0.7922265425609964,753,1,1333ebc38ca7f268732fc93a7fe6c7564a1b809c43e77dbfb8990d4c6e101c7a
755,0.4031272984740326,754,1,1333ebc38ca7f268732fc93a7fe6c7564a1b809c43e77dbfb8990d4c6e101c7a
756,0.7731759620364755,755,1,1333ebc38ca7f268732fc93a7fe6c7564a1b809c43e77dbfb8990d4c6e101c7a
757,0.6580709565532743,756,1,1333ebc38ca7f268732fc93a7fe6c7564a1b809c43e77dbfb8990d4c6e101c7a
758,0.6199772549825866,757,1,1333ebc38ca7f268732fc93a7fe6c7564a1b809c43e77dbfb8990d4c6e101c7a
759,0.3839202692988692,758,1,1333ebc38ca7f268732fc93a7fe6c7564a1b809c43e77dbfb8990d4c6e101c7a
760,0.6685162708477037,759,1,1333ebc38ca7f268732fc93a7fe6c7564a1b809c43e77dbfb8990d4c6e101c7a
761,0.651558812634903,760,1,1333ebc38ca7f268732fc93a7fe6c7564a1b809c43e77dbfb8990d4c6e101c7a
762,0.8120888755656779,761,1,1333ebc38ca7f268732fc93a7fe6c7564a1b809c43e77dbfb8990d4c6e101c7a
763,0.4640092227709829,762,1,1333ebc38ca7f268732fc93a7fe6c7564a1b809c43e77dbfb8990d4c6e101c7a
764,0.689900764666163,763,1,1333ebc38ca7f268732fc93a7fe6c7564a1b809c43e77dbfb8990d4c6e101c7a
765,0.755300002056174,764,1,1333ebc38ca7f268732fc93a7fe6c7564a1b809c43e77dbfb8990d4c6e101c7a
766,0.676327258173842,765,1,1333ebc38ca7f268732fc93a7fe6c7564a1b809c43e77dbfb8990d4c6e101c7a
767,0.7648998380755074,766,1,1333ebc38ca7f268732fc93a7fe6c7564a1b809c43e77dbfb8990d4c6e101c7a
768,0.623024259984773,767,1,1333ebc38ca7f268732fc93a7fe6c7564a1b809c43e77dbfb8990d4c6e101c7a
769,0.7896457427414134,768,1,1333ebc38ca7f268732fc93a7fe6c7564a1b809c43e77dbfb8990d4c6e101c7a
770,0.6346735194820212,769,1,1333ebc38ca7f268732fc93a7fe6c7564a1b809c43e77dbfb8990d4c6e101c7a
771,0.4933410385929164,770,1,1333ebc38ca7f268732fc93a7fe6c7564a1b809c43e77dbfb8990d4c6e101c7a
772,0.745488160289824,771,1,1333ebc38ca7f268732fc93a7fe6c7564a1b809c43e77dbfb8990d4c6e101c7a
773,0.6533289895996859,772,1,1333ebc38ca7f268732fc93a7fe6c7564a1b809c43e77dbfb8990d4c6e101c7a
774,0.7758908020332456,773,1,1333ebc38ca7f268732fc93a7fe6c7564a1b809c43e77dbfb8990d4c6e101c7a
775,0.6007153201790061,774,1,1333ebc38ca7f268732fc93a7fe6c7564a1b809c43e77dbfb8990d4c6e101c7a
776,0.7017005875222821,775,1,1333ebc38ca7f268732fc93a7fe6c7564a1b809c43e77dbfb8990d4c6e101c7a
777,0.9102341020479798,776,1,1333ebc38ca7f268732fc93a7fe6c7564a1b809c43e77dbfb8990d4c6e101c7a
778,0.427810793837914,777,1,1333ebc38ca7f268732fc93a7fe6c7564a1b809c43e77dbfb8990d4c6e101c7a
779,0.8030438195237366,778,1,1333ebc38ca7f268732fc93a7fe6c7564a1b809c43e77dbfb8990d4c6e101c7a
780,0.8399775912985206,779,1,1333ebc38ca7f268732fc93a7fe6c7564a1b809c43e77dbfb8990d4c6e101c7a
781,0.4424075675752181,780,1,1333ebc38ca7f268732fc93a7fe6c7564a1b809c43e77dbfb8990d4c6e101c7a
782,0.7141222738428041,781,1,1333ebc38ca7f268732fc93a7fe6c7564a1b809c43e77dbfb8990d4c6e101c7a
783,0.580582538012095,782,1,1333ebc38ca7f268732fc93a7fe6c7564a1b809c43e77dbfb8990d4c6e101c7a
784,0.4561668688729696,783,1,1333ebc38ca7f268732fc93a7fe6c7564a1b809c43e77dbfb8990d4c6e101c7a
785,0.5821711978959172,784,1,1333ebc38ca7f268732fc93a7fe6c7564a1b809c43e77dbfb8990d4c6e101c7a
786,0.6873183844290907,785,1,1333ebc38ca7f268732fc93a7fe6c7564a1b809c43e77dbfb8990d4c6e101c7a
787,0.6022355137032189,786,1,1333ebc38ca7f268732fc93a7fe6c7564a1b809c43e77dbfb8990d4c6e101c7a
788,0.6135962630849692,787,1,1333ebc38ca7f268732fc93a7fe6c7564a1b809c43e77dbfb8990d4c6e101c7a
789,0.800298043206567,788,1,1333ebc38ca7f268732fc93a7fe6c7564a1b809c43e77dbfb8990d4c6e101c7a
790,0.8193541255313903,789,1,1333ebc38ca7f268732fc93a7fe6c7564a1b809c43e77dbfb8990d4c6e101c7a
791,0.7121388508094242,790,1,1333ebc38ca7f268732fc93a7fe6c7564a1b809c43e77dbfb8990d4c6e101c7a
792,0.6379446368082426,791,1,1333ebc38ca7f268732fc93a7fe6c7564a1b809c43e77dbfb8990d4c6e101c7a
793,0.763559406492277,792,1,1333ebc38ca7f268732fc93a7fe6c7564a1b809c43e77dbfb8990d4c6e101c7a
794,0.3206097379006678,793,1,1333ebc38ca7f268732fc93a7fe6c7564a1b809c43e77dbfb8990d4c6e101c7a
795,0.7320926692541434,794,1,1333ebc38ca7f268732fc93a7fe6c7564a1b809c43e77dbfb8990d4c6e101c7a
796,0.6618238370865583,795,1,1333ebc38ca7f268732fc93a7fe6c7564a1b809c43e77dbfb8990d4c6e101c7a
797,0.6007288123668972,796,1,1333ebc38ca7f268732fc93a7fe6c7564a1b809c43e77dbfb8990d4c6e101c7a
798,0.6510646836286345,797,1,1333ebc38ca7f268732fc93a7fe6c7564a1b809c43e77dbfb8990d4c6e101c7a
799,0.3607105649429343,798,1,1333ebc38ca7f268732fc93a7fe6c7564a1b809c43e77dbfb8990d4c6e101c7a
800,0.7778824643763755,799,1,1333ebc38ca7f268732fc93a7fe6c7564a1b809c43e77dbfb8990d4c6e101c7a
801,0.6481346674263477,800,1,1333ebc38ca7f268732fc93a7fe6c7564a1b809c43e77dbfb8990d4c6e101c7a
802,0.5133095794290807,801,1,1333ebc38ca7f268732fc93a7fe6c7564a1b809c43e77dbfb8990d4c6e101c7a
803,0.922150494530797,802,1,1333ebc38ca7f268732fc93a7fe6c7564a1b809c43e77dbfb8990d4c6e101c7a
804,0.726874013346188,803,1,1333ebc38ca7f268732fc93a7fe6c7564a1b809c43e77dbfb8990d4c6e101c7a
805,0.585240620967852,804,1,1333ebc38ca7f268732fc93a7fe6c7564a1b809c43e77dbfb8990d4c6e101c7a
806,0.5991684913037751,805,1,1333ebc38ca7f268732fc93a7fe6c7564a1b809c43e77dbfb8990d4c6e101c7a
807,0.7403560545062646,806,1,1333ebc38ca7f268732fc93a7fe6c7564a1b809c43e77dbfb8990d4c6e101c7a
808,0.6216155774596928,807,1,1333ebc38ca7f268732fc93a7fe6c7564a1b809c43e77dbfb8990d4c6e101c7a
809,0.4752076794567017,808,1,1333ebc38ca7f268732fc93a7fe6c7564a1b809c43e77dbfb8990d4c6e101c7a
810,0.4840654763327174,809,1,1333ebc38ca7f268732fc93a7fe6c7564a1b809c43e77dbfb8990d4c6e101c7a
811,0.6738928275410387,810,1,1333ebc38ca7f268732fc93a7fe6c7564a1b809c43e77dbfb8990d4c6e101c7a
812,0.7200889042578638,811,1,1333ebc38ca7f268732fc93a7fe6c7564a1b809c43e77dbfb8990d4c6e101c7a
813,0.5047918998461682,812,1,1333ebc38ca7f268732fc93a7fe6c7564a1b809c43e77dbfb8990d4c6e101c7a
814,0.6128140857631479,813,1,1333ebc38ca7f268732fc93a7fe6c7564a1b809c43e77dbfb8990d4c6e101c7a
815,0.5116829177421778,814,1,1333ebc38ca7f268732fc93a7fe6c7564a1b809c43e77dbfb8990d4c6e101c7a
816,0.3984829065666417,815,1,1333ebc38ca7f268732fc93a7fe6c7564a1b809c43e77dbfb8990d4c6e101c7a
817,0.5375400535267545,816,1,1333ebc38ca7f268732fc93a7fe6c7564a1b809c43e77dbfb8990d4c6e101c7a
818,0.780699021066539,817,1,1333ebc38ca7f268732fc93a7fe6c7564a1b809c43e77dbfb8990d4c6e101c7a
819,0.6354873911329832,818,1,1333ebc38ca7f268732fc93a7fe6c7564a1b809c43e77dbfb8990d4c6e101c7a
820,0.5851901244237697,819,1,1333ebc38ca7f268732fc93a7fe6c7564a1b809c43e77dbfb8990d4c6e101c7a
821,0.847732225432992,820,1,1333ebc38ca7f268732fc93a7fe6c7564a1b809c43e77dbfb8990d4c6e101c7a
822,0.6587655667681247,821,1,1333ebc38ca7f268732fc93a7fe6c7564a1b809c43e77dbfb8990d4c6e101c7a
823,0.8065819173643831,822,1,1333ebc38ca7f268732fc93a7fe6c7564a1b809c43e77dbfb8990d4c6e101c7a
824,0.6454073328932282,823,1,1333ebc38ca7f268732fc93a7fe6c7564a1b809c43e77dbfb8990d4c6e101c7a
825,0.7740483530797064,824,1,1333ebc38ca7f268732fc93a7fe6c7564a1b809c43e77dbfb8990d4c6e101c7a
826,0.5530351819067153,825,1,1333ebc38ca7f268732fc93a7fe6c7564a1b809c43e77dbfb8990d4c6e101c7a
827,0.4822697807103395,826,1,1333ebc38ca7f268732fc93a7fe6c7564a1b809c43e77dbfb8990d4c6e101c7a
828,0.7311017808633551,827,1,1333ebc38ca7f268732fc93a7fe6c7564a1b809c43e77dbfb8990d4c6e101c7a
829,0.868462459555758,828,1,1333ebc38ca7f268732fc93a7fe6c7564a1b809c43e77dbfb8990d4c6e101c7a
830,0.7482697120030934,829,1,1333ebc38ca7f268732fc93a7fe6c7564a1b809c43e77dbfb8990d4c6e101c7a
831,0.7638536624290282,830,1,1333ebc38ca7f268732fc93a7fe6c7564a1b809c43e77dbfb8990d4c6e101c7a
832,0.727691537256538,831,1,1333ebc38ca7f268732fc93a7fe6c7564a1b809c43e77dbfb8990d4c6e101c7a
833,0.8202782010489784,832,1,1333ebc38ca7f268732fc93a7fe6c7564a1b809c43e77dbfb8990d4c6e101c7a
834,0.4285957531237779,833,1,1333ebc38ca7f268732fc93a7fe6c7564a1b809c43e77dbfb8990d4c6e101c7a
835,0.7538030248470022,834,1,1333ebc38ca7f268732fc93a7fe6c7564a1b809c43e77dbfb8990d4c6e101c7a
836,0.5454705104289431,835,1,1333ebc38ca7f268732fc93a7fe6c7564a1b809c43e77dbfb8990d4c6e101c7a
837,0.6654975926686297,836,1,1333ebc38ca7f268732fc93a7fe6c7564a1b809c43e77dbfb8990d4c6e101c7a
838,0.6309239159891149,837,1,1333ebc38ca7f268732fc93a7fe6c7564a1b809c43e77dbfb8990d4c6e101c7a
839,0.7248370635788888,838,1,1333ebc38ca7f268732fc93a7fe6c7564a1b809c43e77dbfb8990d4c6e101c7a
840,0.5734833964706922,839,1,1333ebc38ca7f268732fc93a7fe6c7564a1b809c43e77dbfb8990d4c6e101c7a
841,0.5788921563520262,840,1,1333ebc38ca7f268732fc93a7fe6c7564a1b809c43e77dbfb8990d4c6e101c7a
842,0.4270302370720925,841,1,1333ebc38ca7f268732fc93a7fe6c7564a1b809c43e77dbfb8990d4c6e101c7a
843,0.7333894456055532,842,1,1333ebc38ca7f268732fc93a7fe6c7564a1b809c43e77dbfb8990d4c6e101c7a
844,0.5373537254970131,843,1,1333ebc38ca7f268732fc93a7fe6c7564a1b809c43e77dbfb8990d4c6e101c7a
845,0.6113062248017513,844,1,1333ebc38ca7f268732fc93a7fe6c7564a1b809c43e77dbfb8990d4c6e101c7a
846,0.6287757151312402,845,1,1333ebc38ca7f268732fc93a7fe6c7564a1b809c43e77dbfb8990d4c6e101c7a
847,0.5621717427585438,846,1,1333ebc38ca7f268732fc93a7fe6c7564a1b809c43e77dbfb8990d4c6e101c7a
848,0.6902783322852883,847,1,1333ebc38ca7f268732fc93a7fe6c7564a1b809c43e77dbfb8990d4c6e101c7a
849,0.744212321107625,848,1,1333ebc38ca7f268732fc93a7fe6c7564a1b809c43e77dbfb8990d4c6e101c7a
850,0.7841101569356397,849,1,1333ebc38ca7f268732fc93a7fe6c7564a1b809c43e77dbfb8990d4c6e101c7a
851,0.8880996236111969,850,1,1333ebc38ca7f268732fc93a7fe6c7564a1b809c43e77dbfb8990d4c6e101c7a
852,0.4421625481065394,851,1,1333ebc38ca7f268732fc93a7fe6c7564a1b809c43e77dbfb8990d4c6e101c7a
853,0.6665062963520008,852,1,1333ebc38ca7f268732fc93a7fe6c7564a1b809c43e77dbfb8990d4c6e101c7a
854,0.577806604761463,853,1,1333ebc38ca7f268732fc93a7fe6c7564a1b809c43e77dbfb8990d4c6e101c7a
855,0.4799031922884751,854,1,1333ebc38ca7f268732fc93a7fe6c7564a1b809c43e77dbfb8990d4c6e101c7a
856,0.7359493653057143,855,1,1333ebc38ca7f268732fc93a7fe6c7564a1b809c43e77dbfb8990d4c6e101c7a
857,0.8005026277387515,856,1,1333ebc38ca7f268732fc93a7fe6c7564a1b809c43e77dbfb8990d4c6e101c7a
858,0.6235579076034128,857,1,1333ebc38ca7f268732fc93a7fe6c7564a1b809c43e77dbfb8990d4c6e101c7a
859,0.5789528745189614,858,1,1333ebc38ca7f268732fc93a7fe6c7564a1b809c43e77dbfb8990d4c6e101c7a
860,0.5392082206526538,859,1,1333ebc38ca7f268732fc93a7fe6c7564a1b809c43e77dbfb8990d4c6e101c7a
861,0.7164865193136052,860,1,1333ebc38ca7f268732fc93a7fe6c7564a1b809c43e77dbfb8990d4c6e101c7a
862,0.8448801445265417,861,1,1333ebc38ca7f268732fc93a7fe6c7564a1b809c43e77dbfb8990d4c6e101c7a
863,0.4140522541785998,862,1,1333ebc38ca7f268732fc93a7fe6c7564a1b809c43e77dbfb8990d4c6e101c7a
864,0.5027360220292394,863,1,1333ebc38ca7f268732fc93a7fe6c7564a1b809c43e77dbfb8990d4c6e101c7a
865,0.5442673084617127,864,1,1333ebc38ca7f268732fc93a7fe6c7564a1b809c43e77dbfb8990d4c6e101c7a
866,0.4350923943566158,865,1,1333ebc38ca7f268732fc93a7fe6c7564a1b809c43e77dbfb8990d4c6e101c7a
867,0.5859538042357144,866,1,1333ebc38ca7f268732fc93a7fe6c7564a1b809c43e77dbfb8990d4c6e101c7a
868,0.5870026458755861,867,1,1333ebc38ca7f268732fc93a7fe6c7564a1b809c43e77dbfb8990d4c6e101c7a
869,0.5027140652673552,868,1,1333ebc38ca7f268732fc93a7fe6c7564a1b809c43e77dbfb8990d4c6e101c7a
870,0.7424654539454423,869,1,1333ebc38ca7f268732fc93a7fe6c7564a1b809c43e77dbfb8990d4c6e101c7a
871,0.6441575884709891,870,1,1333ebc38ca7f268732fc93a7fe6c7564a1b809c43e77dbfb8990d4c6e101c7a
872,0.523092575604096,871,1,1333ebc38ca7f268732fc93a7fe6c7564a1b809c43e77dbfb8990d4c6e101c7a
873,0.6346876604948193,872,1,1333ebc38ca7f268732fc93a7fe6c7564a1b809c43e77dbfb8990d4c6e101c7a
874,0.6054043864498041,873,1,1333ebc38ca7f268732fc93a7fe6c7564a1b809c43e77dbfb8990d4c6e101c7a
875,0.5543397540341459,874,1,1333ebc38ca7f268732fc93a7fe6c7564a1b809c43e77dbfb8990d4c6e101c7a
876,0.6818258900596561,875,1,1333ebc38ca7f268732fc93a7fe6c7564a1b809c43e77dbfb8990d4c6e101c7a
877,0.6312225665885904,876,1,1333ebc38ca7f268732fc93a7fe6c7564a1b809c43e77dbfb8990d4c6e101c7a
878,0.6568446807937107,877,1,1333ebc38ca7f268732fc93a7fe6c7564a1b809c43e77dbfb8990d4c6e101c7a
879,0.7543185307939808,878,1,1333ebc38ca7f268732fc93a7fe6c7564a1b809c43e77dbfb8990d4c6e101c7a
880,0.4901271776129761,879,1,1333ebc38ca7f268732fc93a7fe6c7564a1b809c43e77dbfb8990d4c6e101c7a
881,0.6173895149549935,880,1,1333ebc38ca7f268732fc93a7fe6c7564a1b809c43e77dbfb8990d4c6e101c7a
882,0.842963181581581,881,1,1333ebc38ca7f268732fc93a7fe6c7564a1b809c43e77dbfb8990d4c6e101c7a
883,0.5606633690756553,882,1,1333ebc38ca7f268732fc93a7fe6c7564a1b809c43e77dbfb8990d4c6e101c7a
884,0.6331057225306846,883,1,1333ebc38ca7f268732fc93a7fe6c7564a1b809c43e77dbfb8990d4c6e101c7a
885,0.6145017242909034,884,1,1333ebc38ca7f268732fc93a7fe6c7564a1b809c43e77dbfb8990d4c6e101c7a
886,0.8034518947824836,885,1,1333ebc38ca7f268732fc93a7fe6c7564a1b809c43e77dbfb8990d4c6e101c7a
887,0.845350558200181,886,1,1333ebc38ca7f268732fc93a7fe6c7564a1b809c43e77dbfb8990d4c6e101c7a
888,0.6625902911036974,887,1,1333ebc38ca7f268732fc93a7fe6c7564a1b809c43e77dbfb8990d4c6e101c7a
889,0.5695846514711489,888,1,1333ebc38ca7f268732fc93a7fe6c7564a1b809c43e77dbfb8990d4c6e101c7a
890,0.7899172026081942,889,1,1333ebc38ca7f268732fc93a7fe6c7564a1b809c43e77dbfb8990d4c6e101c7a
891,0.5781398285835166,890,1,1333ebc38ca7f268732fc93a7fe6c7564a1b809c43e77dbfb8990d4c6e101c7a
892,0.6148690285044722,891,1,1333ebc38ca7f268732fc93a7fe6c7564a1b809c43e77dbfb8990d4c6e101c7a
893,0.7157283297055983,892,1,1333ebc38ca7f268732fc93a7fe6c7564a1b809c43e77dbfb8990d4c6e101c7a
894,0.6762635225632039,893,1,1333ebc38ca7f268732fc93a7fe6c7564a1b809c43e77dbfb8990d4c6e101c7a
895,0.6767225833606314,894,1,1333ebc38ca7f268732fc93a7fe6c7564a1b809c43e77dbfb8990d4c6e101c7a
896,0.2797916702622842,895,1,1333ebc38ca7f268732fc93a7fe6c7564a1b809c43e77dbfb8990d4c6e101c7a
897,0.8679895419627428,896,1,1333ebc38ca7f268732fc93a7fe6c7564a1b809c43e77dbfb8990d4c6e101c7a
898,0.6814917327719741,897,1,1333ebc38ca7f268732fc93a7fe6c7564a1b809c43e77dbfb8990d4c6e101c7a
899,0.7023406200570719,898,1,1333ebc38ca7f268732fc93a7fe6c7564a1b809c43e77dbfb8990d4c6e101c7a
900,0.590500237707829,899,1,1333ebc38ca7f268732fc93a7fe6c7564a1b809c43e77dbfb8990d4c6e101c7a
901,0.6035823561164761,900,1,1333ebc38ca7f268732fc93a7fe6c7564a1b809c43e77dbfb8990d4c6e101c7a
902,0.7399782380925899,901,1,1333ebc38ca7f268732fc93a7fe6c7564a1b809c43e77dbfb8990d4c6e101c7a
903,0.7954696230590343,902,1,1333ebc38ca7f268732fc93a7fe6c7564a1b809c43e77dbfb8990d4c6e101c7a
904,0.6777922820567154,903,1,1333ebc38ca7f268732fc93a7fe6c7564a1b809c43e77dbfb8990d4c6e101c7a
905,0.6952127473447689,904,1,1333ebc38ca7f268732fc93a7fe6c7564a1b809c43e77dbfb8990d4c6e101c7a
906,0.7666239424979722,905,1,1333ebc38ca7f268732fc93a7fe6c7564a1b809c43e77dbfb8990d4c6e101c7a
907,0.623872227006359,906,1,1333ebc38ca7f268732fc93a7fe6c7564a1b809c43e77dbfb8990d4c6e101c7a
908,0.6810181376931723,907,1,1333ebc38ca7f268732fc93a7fe6c7564a1b809c43e77dbfb8990d4c6e101c7a
909,0.4765239563329526,908,1,1333ebc38ca7f268732fc93a7fe6c7564a1b809c43e77dbfb8990d4c6e101c7a
910,0.7734995593345957,909,1,1333ebc38ca7f268732fc93a7fe6c7564a1b809c43e77dbfb8990d4c6e101c7a
911,0.7859563746023923,910,1,1333ebc38ca7f268732fc93a7fe6c7564a1b809c43e77dbfb8990d4c6e101c7a
912,0.4694368197235968,911,1,1333ebc38ca7f268732fc93a7fe6c7564a1b809c43e77dbfb8990d4c6e101c7a
913,0.5043440319786896,912,1,1333ebc38ca7f268732fc93a7fe6c7564a1b809c43e77dbfb8990d4c6e101c7a
914,0.6642869483184768,913,1,1333ebc38ca7f268732fc93a7fe6c7564a1b809c43e77dbfb8990d4c6e101c7a
915,0.5670897397745875,914,1,1333ebc38ca7f268732fc93a7fe6c7564a1b809c43e77dbfb8990d4c6e101c7a
916,0.8233659892815126,915,1,1333ebc38ca7f268732fc93a7fe6c7564a1b809c43e77dbfb8990d4c6e101c7a
917,0.6513404815923423,916,1,1333ebc38ca7f268732fc93a7fe6c7564a1b809c43e77dbfb8990d4c6e101c7a
918,0.7806537654841108,917,1,1333ebc38ca7f268732fc93a7fe6c7564a1b809c43e77dbfb8990d4c6e101c7a
919,0.5209443169878796,918,1,1333ebc38ca7f268732fc93a7fe6c7564a1b809c43e77dbfb8990d4c6e101c7a
920,0.785527354968508,919,1,1333ebc38ca7f268732fc93a7fe6c7564a1b809c43e77dbfb8990d4c6e101c7a
921,0.7867946633645317,920,1,1333ebc38ca7f268732fc93a7fe6c7564a1b809c43e77dbfb8990d4c6e101c7a
922,0.8196911560371518,921,1,1333ebc38ca7f268732fc93a7fe6c7564a1b809c43e77dbfb8990d4c6e101c7a
923,0.6719760290696044,922,1,1333ebc38ca7f268732fc93a7fe6c7564a1b809c43e77dbfb8990d4c6e101c7a
924,0.3801772539154626,923,1,1333ebc38ca7f268732fc93a7fe6c7564a1b809c43e77dbfb8990d4c6e101c7a
925,0.5801403890363872,924,1,1333ebc38ca7f268732fc93a7fe6c7564a1b809c43e77dbfb8990d4c6e101c7a
926,0.9125532124890016,925,1,1333ebc38ca7f268732fc93a7fe6c7564a1b809c43e77dbfb8990d4c6e101c7a
927,0.5481323385502463,926,1,1333ebc38ca7f268732fc93a7fe6c7564a1b809c43e77dbfb8990d4c6e101c7a
928,0.8796850173093844,927,1,1333ebc38ca7f268732fc93a7fe6c7564a1b809c43e77dbfb8990d4c6e101c7a
929,0.7446599010554564,928,1,1333ebc38ca7f268732fc93a7fe6c7564a1b809c43e77dbfb8990d4c6e101c7a
930,0.7574169553845422,929,1,1333ebc38ca7f268732fc93a7fe6c7564a1b809c43e77dbfb8990d4c6e101c7a
931,0.7982207260079122,930,1,1333ebc38ca7f268732fc93a7fe6c7564a1b809c43e77dbfb8990d4c6e101c7a
932,0.8329554751035175,931,1,1333ebc38ca7f268732fc93a7fe6c7564a1b809c43e77dbfb8990d4c6e101c7a
933,0.7508340267522726,932,1,1333ebc38ca7f268732fc93a7fe6c7564a1b809c43e77dbfb8990d4c6e101c7a
934,0.5268179265617619,933,1,1333ebc38ca7f268732fc93a7fe6c7564a1b809c43e77dbfb8990d4c6e101c7a
935,0.5020407483607414,934,1,1333ebc38ca7f268732fc93a7fe6c7564a1b809c43e77dbfb8990d4c6e101c7a
936,0.8248642181927721,935,1,1333ebc38ca7f268732fc93a7fe6c7564a1b809c43e77dbfb8990d4c6e101c7a
937,0.7119182216962443,936,1,1333ebc38ca7f268732fc93a7fe6c7564a1b809c43e77dbfb8990d4c6e101c7a
938,0.6172611049960324,937,1,1333ebc38ca7f268732fc93a7fe6c7564a1b809c43e77dbfb8990d4c6e101c7a
939,0.8087118062248919,938,1,1333ebc38ca7f268732fc93a7fe6c7564a1b809c43e77dbfb8990d4c6e101c7a
940,0.5909305882275562,939,1,1333ebc38ca7f268732fc93a7fe6c7564a1b809c43e77dbfb8990d4c6e101c7a
941,0.7495167250308441,940,1,1333ebc38ca7f268732fc93a7fe6c7564a1b809c43e77dbfb8990d4c6e101c7a
942,0.6909006824092572,941,1,1333ebc38ca7f268732fc93a7fe6c7564a1b809c43e77dbfb8990d4c6e101c7a
943,0.7478285658042463,942,1,1333ebc38ca7f268732fc93a7fe6c7564a1b809c43e77dbfb8990d4c6e101c7a
944,0.5694766329809814,943,1,1333ebc38ca7f268732fc93a7fe6c7564a1b809c43e77dbfb8990d4c6e101c7a
945,0.5244845872705355,944,1,1333ebc38ca7f268732fc93a7fe6c7564a1b809c43e77dbfb8990d4c6e101c7a
946,0.680892325239256,945,1,1333ebc38ca7f268732fc93a7fe6c7564a1b809c43e77dbfb8990d4c6e101c7a
947,0.4637018404705308,946,1,1333ebc38ca7f268732fc93a7fe6c7564a1b809c43e77dbfb8990d4c6e101c7a
948,0.7665116151001712,947,1,1333ebc38ca7f268732fc93a7fe6c7564a1b809c43e77dbfb8990d4c6e101c7a
949,0.6359238480799831,948,1,1333ebc38ca7f268732fc93a7fe6c7564a1b809c43e77dbfb8990d4c6e101c7a
950,0.6254841571075502,949,1,1333ebc38ca7f268732fc93a7fe6c7564a1b809c43e77dbfb8990d4c6e101c7a
951,0.6518794141007334,950,1,1333ebc38ca7f268732fc93a7fe6c7564a1b809c43e77dbfb8990d4c6e101c7a
952,0.6907536126673222,951,1,1333ebc38ca7f268732fc93a7fe6c7564a1b809c43e77dbfb8990d4c6e101c7a
953,0.5191820706225392,952,1,1333ebc38ca7f268732fc93a7fe6c7564a1b809c43e77dbfb8990d4c6e101c7a
954,0.6729114648379095,953,1,1333ebc38ca7f268732fc93a7fe6c7564a1b809c43e77dbfb8990d4c6e101c7a
955,0.3824140658672733,954,1,1333ebc38ca7f268732fc93a7fe6c7564a1b809c43e77dbfb8990d4c6e101c7a
956,0.5464120345027581,955,1,1333ebc38ca7f268732fc93a7fe6c7564a1b809c43e77dbfb8990d4c6e101c7a
957,0.6091291517136241,956,1,1333ebc38ca7f268732fc93a7fe6c7564a1b809c43e77dbfb8990d4c6e101c7a
958,0.7755523302039364,957,1,1333ebc38ca7f268732fc93a7fe6c7564a1b809c43e77dbfb8990d4c6e101c7a
959,0.4585510423166852,958,1,1333ebc38ca7f268732fc93a7fe6c7564a1b809c43e77dbfb8990d4c6e101c7a
960,0.6151072766988364,959,1,1333ebc38ca7f268732fc93a7fe6c7564a1b809c43e77dbfb8990d4c6e101c7a
961,0.748727193790728,960,1,1333ebc38ca7f268732fc93a7fe6c7564a1b809c43e77dbfb8990d4c6e101c7a
962,0.7250746944423205,961,1,1333ebc38ca7f268732fc93a7fe6c7564a1b809c43e77dbfb8990d4c6e101c7a
963,0.6172728618108657,962,1,1333ebc38ca7f268732fc93a7fe6c7564a1b809c43e77dbfb8990d4c6e101c7a
964,0.7154609739664011,963,1,1333ebc38ca7f268732fc93a7fe6c7564a1b809c43e77dbfb8990d4c6e101c7a
965,0.5128724433452589,964,1,1333ebc38ca7f268732fc93a7fe6c7564a1b809c43e77dbfb8990d4c6e101c7a
966,0.6314523114087933,965,1,1333ebc38ca7f268732fc93a7fe6c7564a1b809c43e77dbfb8990d4c6e101c7a
967,0.8113668014993891,966,1,1333ebc38ca7f268732fc93a7fe6c7564a1b809c43e77dbfb8990d4c6e101c7a
968,0.7697117773891478,967,1,1333ebc38ca7f268732fc93a7fe6c7564a1b809c43e77dbfb8990d4c6e101c7a
969,0.523322465720625,968,1,1333ebc38ca7f268732fc93a7fe6c7564a1b809c43e77dbfb8990d4c6e101c7a
970,0.5239649959257804,969,1,1333ebc38ca7f268732fc93a7fe6c7564a1b809c43e77dbfb8990d4c6e101c7a
971,0.7578180943382904,970,1,1333ebc38ca7f268732fc93a7fe6c7564a1b809c43e77dbfb8990d4c6e101c7a
972,0.6315970772861874,971,1,1333ebc38ca7f268732fc93a7fe6c7564a1b809c43e77dbfb8990d4c6e101c7a
973,0.4746152356211066,972,1,1333ebc38ca7f268732fc93a7fe6c7564a1b809c43e77dbfb8990d4c6e101c7a
974,0.8437859859259333,973,1,1333ebc38ca7f268732fc93a7fe6c7564a1b809c43e77dbfb8990d4c6e101c7a
975,0.6501915914468555,974,1,1333ebc38ca7f268732fc93a7fe6c7564a1b809c43e77dbfb8990d4c6e101c7a
976,0.8141305508324876,975,1,1333ebc38ca7f268732fc93a7fe6c7564a1b809c43e77dbfb8990d4c6e101c7a
977,0.8027973433418083,976,1,1333ebc38ca7f268732fc93a7fe6c7564a1b809c43e77dbfb8990d4c6e101c7a
978,0.7746871116396505,977,1,1333ebc38ca7f268732fc93a7fe6c7564a1b809c43e77dbfb8990d4c6e101c7a
979,0.7736219880898716,978,1,1333ebc38ca7f268732fc93a7fe6c7564a1b809c43e77dbfb8990d4c6e101c7a
980,0.5796336087005329,979,1,1333ebc38ca7f268732fc93a7fe6c7564a1b809c43e77dbfb8990d4c6e101c7a
981,0.7530073896050453,980,1,1333ebc38ca7f268732fc93a7fe6c7564a1b809c43e77dbfb8990d4c6e101c7a
982,0.6844113843690138,981,1,1333ebc38ca7f268732fc93a7fe6c7564a1b809c43e77dbfb8990d4c6e101c7a
983,0.8623791560530663,982,1,1333ebc38ca7f268732fc93a7fe6c7564a1b809c43e77dbfb8990d4c6e101c7a
984,0.8441447505610995,983,1,1333ebc38ca7f268732fc93a7fe6c7564a1b809c43e77dbfb8990d4c6e101c7a
985,0.5910967364848179,984,1,1333ebc38ca7f268732fc93a7fe6c7564a1b809c43e77dbfb8990d4c6e101c7a
986,0.6140882634499576,985,1,1333ebc38ca7f268732fc93a7fe6c7564a1b809c43e77dbfb8990d4c6e101c7a
987,0.2278521243115392,986,1,1333ebc38ca7f268732fc93a7fe6c7564a1b809c43e77dbfb8990d4c6e101c7a
988,0.6544821759506334,987,1,1333ebc38ca7f268732fc93a7fe6c7564a1b809c43e77dbfb8990d4c6e101c7a
989,0.7802311877021566,988,1,1333ebc38ca7f268732fc93a7fe6c7564a1b809c43e77dbfb8990d4c6e101c7a
990,0.7891204077750444,989,1,1333ebc38ca7f268732fc93a7fe6c7564a1b809c43e77dbfb8990d4c6e101c7a
991,0.546245713630924,990,1,1333ebc38ca7f268732fc93a7fe6c7564a1b809c43e77dbfb8990d4c6e101c7a
992,0.7500242880778387,991,1,1333ebc38ca7f268732fc93a7fe6c7564a1b809c43e77dbfb8990d4c6e101c7a
993,0.5710777994969263,992,1,1333ebc38ca7f268732fc93a7fe6c7564a1b809c43e77dbfb8990d4c6e101c7a
994,0.7177026631550825,993,1,1333ebc38ca7f268732fc93a7fe6c7564a1b809c43e77dbfb8990d4c6e101c7a
995,0.6948086587362923,994,1,1333ebc38ca7f268732fc93a7fe6c7564a1b809c43e77dbfb8990d4c6e101c7a
996,0.6422236270257713,995,1,1333ebc38ca7f268732fc93a7fe6c7564a1b809c43e77dbfb8990d4c6e101c7a
997,0.7033452378600487,996,1,1333ebc38ca7f268732fc93a7fe6c7564a1b809c43e77dbfb8990d4c6e101c7a
998,0.7425913506862685,997,1,1333ebc38ca7f268732fc93a7fe6c7564a1b809c43e77dbfb8990d4c6e101c7a
999,0.4384596474699265,998,1,1333ebc38ca7f268732fc93a7fe6c7564a1b809c43e77dbfb8990d4c6e101c7a
1000,0.6756390804985131,999,1,1333ebc38ca7f268732fc93a7fe6c7564a1b809c43e77dbfb8990d4c6e101c7a
1001,0.5633154259994626,1000,1,1333ebc38ca7f268732fc93a7fe6c7564a1b809c43e77dbfb8990d4c6e101c7a
1002,0.644713923865003,1001,1,1333ebc38ca7f268732fc93a7fe6c7564a1b809c43e77dbfb8990d4c6e101c7a
1003,0.7567131282312403,1002,1,1333ebc38ca7f268732fc93a7fe6c7564a1b809c43e77dbfb8990d4c6e101c7a
1004,0.6771377422575635,1003,1,1333ebc38ca7f268732fc93a7fe6c7564a1b809c43e77dbfb8990d4c6e101c7a
1005,0.5826285626244498,1004,1,1333ebc38ca7f268732fc93a7fe6c7564a1b809c43e77dbfb8990d4c6e101c7a
1006,0.601627568468441,1005,1,1333ebc38ca7f268732fc93a7fe6c7564a1b809c43e77dbfb8990d4c6e101c7a
1007,0.7356833587400615,1006,1,1333ebc38ca7f268732fc93a7fe6c7564a1b809c43e77dbfb8990d4c6e101c7a
1008,0.6608765828423202,1007,1,1333ebc38ca7f268732fc93a7fe6c7564a1b809c43e77dbfb8990d4c6e101c7a
1009,0.7265674970706186,1008,1,1333ebc38ca7f268732fc93a7fe6c7564a1b809c43e77dbfb8990d4c6e101c7a
1010,0.6921142661610702,1009,1,1333ebc38ca7f268732fc93a7fe6c7564a1b809c43e77dbfb8990d4c6e101c7a
1011,0.8238962348550558,1010,1,1333ebc38ca7f268732fc93a7fe6c7564a1b809c43e77dbfb8990d4c6e101c7a
1012,0.6919388866663212,1011,1,1333ebc38ca7f268732fc93a7fe6c7564a1b809c43e77dbfb8990d4c6e101c7a
1013,0.6598224060344364,1012,1,1333ebc38ca7f268732fc93a7fe6c7564a1b809c43e77dbfb8990d4c6e101c7a
1014,0.7436296961550397,1013,1,1333ebc38ca7f268732fc93a7fe6c7564a1b809c43e77dbfb8990d4c6e101c7a
1015,0.7409314195392653,1014,1,1333ebc38ca7f268732fc93a7fe6c7564a1b809c43e77dbfb8990d4c6e101c7a
1016,0.8344288633670658,1015,1,1333ebc38ca7f268732fc93a7fe6c7564a1b809c43e77dbfb8990d4c6e101c7a
1017,0.784588806796819,1016,1,1333ebc38ca7f268732fc93a7fe6c7564a1b809c43e77dbfb8990d4c6e101c7a
1018,0.7368633871137718,1017,1,1333ebc38ca7f268732fc93a7fe6c7564a1b809c43e77dbfb8990d4c6e101c7a
1019,0.7779277840163559,1018,1,1333ebc38ca7f268732fc93a7fe6c7564a1b809c43e77dbfb8990d4c6e101c7a
1020,0.4632828150533896,1019,1,1333ebc38ca7f268732fc93a7fe6c7564a1b809c43e77dbfb8990d4c6e101c7a
1021,0.4076136308503919,1020,1,1333ebc38ca7f268732fc93a7fe6c7564a1b809c43e77dbfb8990d4c6e101c7a
1022,0.5966217337201485,1021,1,1333ebc38ca7f268732fc93a7fe6c7564a1b809c43e77dbfb8990d4c6e101c7a
1023,0.645673277184696,1022,1,1333ebc38ca7f268732fc93a7fe6c7564a1b809c43e77dbfb8990d4c6e101c7a
1024,0.8046121693256509,1023,1,1333ebc38ca7f268732fc93a7fe6c7564a1b809c43e77dbfb8990d4c6e101c7a
1025,0.5983278429574791,1024,1,1333ebc38ca7f268732fc93a7fe6c7564a1b809c43e77dbfb8990d4c6e101c7a
1026,0.3975552549527492,1025,1,1333ebc38ca7f268732fc93a7fe6c7564a1b809c43e77dbfb8990d4c6e101c7a
1027,0.8902542740106583,1026,1,1333ebc38ca7f268732fc93a7fe6c7564a1b809c43e77dbfb8990d4c6e101c7a
1028,0.4747274373686991,1027,1,1333ebc38ca7f268732fc93a7fe6c7564a1b809c43e77dbfb8990d4c6e101c7a
1029,0.6974358290608507,1028,1,1333ebc38ca7f268732fc93a7fe6c7564a1b809c43e77dbfb8990d4c6e101c7a
1030,0.7869231214281172,1029,1,1333ebc38ca7f268732fc93a7fe6c7564a1b809c43e77dbfb8990d4c6e101c7a
1031,0.6909157050127535,1030,1,1333ebc38ca7f268732fc93a7fe6c7564a1b809c43e77dbfb8990d4c6e101c7a
1032,0.718338712817058,1031,1,1333ebc38ca7f268732fc93a7fe6c7564a1b809c43e77dbfb8990d4c6e101c7a
1033,0.778751191599383,1032,1,1333ebc38ca7f268732fc93a7fe6c7564a1b809c43e77dbfb8990d4c6e101c7a
1034,0.8087345818057656,1033,1,1333ebc38ca7f268732fc93a7fe6c7564a1b809c43e77dbfb8990d4c6e101c7a
1035,0.4850456626854056,1034,1,1333ebc38ca7f268732fc93a7fe6c7564a1b809c43e77dbfb8990d4c6e101c7a
1036,0.7173722478328273,1035,1,1333ebc38ca7f268732fc93a7fe6c7564a1b809c43e77dbfb8990d4c6e101c7a
1037,0.7469086346995653,1036,1,1333ebc38ca7f268732fc93a7fe6c7564a1b809c43e77dbfb8990d4c6e101c7a
1038,0.6915556762833148,1037,1,1333ebc38ca7f268732fc93a7fe6c7564a1b809c43e77dbfb8990d4c6e101c7a
1039,0.6855088516294927,1038,1,1333ebc38ca7f268732fc93a7fe6c7564a1b809c43e77dbfb8990d4c6e101c7a
1040,0.8115009991452098,1039,1,1333ebc38ca7f268732fc93a7fe6c7564a1b809c43e77dbfb8990d4c6e101c7a
1041,0.5961481929989532,1040,1,1333ebc38ca7f268732fc93a7fe6c7564a1b809c43e77dbfb8990d4c6e101c7a
1042,0.6839801023597829,1041,1,1333ebc38ca7f268732fc93a7fe6c7564a1b809c43e77dbfb8990d4c6e101c7a
1043,0.7217011564492282,1042,1,1333ebc38ca7f268732fc93a7fe6c7564a1b809c43e77dbfb8990d4c6e101c7a
1044,0.6065271281768219,1043,1,1333ebc38ca7f268732fc93a7fe6c7564a1b809c43e77dbfb8990d4c6e101c7a
1045,0.6404331441971666,1044,1,1333ebc38ca7f268732fc93a7fe6c7564a1b809c43e77dbfb8990d4c6e101c7a
1046,0.7067094282247126,1045,1,1333ebc38ca7f268732fc93a7fe6c7564a1b809c43e77dbfb8990d4c6e101c7a
1047,0.716972443718987,1046,1,1333ebc38ca7f268732fc93a7fe6c7564a1b809c43e77dbfb8990d4c6e101c7a
1048,0.8590449467301369,1047,1,1333ebc38ca7f268732fc93a7fe6c7564a1b809c43e77dbfb8990d4c6e101c7a
1049,0.7732108182817683,1048,1,1333ebc38ca7f268732fc93a7fe6c7564a1b809c43e77dbfb8990d4c6e101c7a
1050,0.8029370384756476,1049,1,1333ebc38ca7f268732fc93a7fe6c7564a1b809c43e77dbfb8990d4c6e101c7a
1051,0.5961079502815315,1050,1,1333ebc38ca7f268732fc93a7fe6c7564a1b809c43e77dbfb8990d4c6e101c7a
1052,0.6457537413775754,1051,1,1333ebc38ca7f268732fc93a7fe6c7564a1b809c43e77dbfb8990d4c6e101c7a
1053,0.807024800696662,1052,1,1333ebc38ca7f268732fc93a7fe6c7564a1b809c43e77dbfb8990d4c6e101c7a
1054,0.6601833780041488,1053,1,1333ebc38ca7f268732fc93a7fe6c7564a1b809c43e77dbfb8990d4c6e101c7a
1055,0.6410038285248447,1054,1,1333ebc38ca7f268732fc93a7fe6c7564a1b809c43e77dbfb8990d4c6e101c7a
1056,0.3988004477001372,1055,1,1333ebc38ca7f268732fc93a7fe6c7564a1b809c43e77dbfb8990d4c6e101c7a
1057,0.4306360670832729,1056,1,1333ebc38ca7f268732fc93a7fe6c7564a1b809c43e77dbfb8990d4c6e101c7a
1058,0.6753595635527745,1057,1,1333ebc38ca7f268732fc93a7fe6c7564a1b809c43e77dbfb8990d4c6e101c7a
1059,0.5448294849502417,1058,1,1333ebc38ca7f268732fc93a7fe6c7564a1b809c43e77dbfb8990d4c6e101c7a
1060,0.7404061043283434,1059,1,1333ebc38ca7f268732fc93a7fe6c7564a1b809c43e77dbfb8990d4c6e101c7a
1061,0.6276489180090721,1060,1,1333ebc38ca7f268732fc93a7fe6c7564a1b809c43e77dbfb8990d4c6e101c7a
1062,0.7625038190062767,1061,1,1333ebc38ca7f268732fc93a7fe6c7564a1b809c43e77dbfb8990d4c6e101c7a
1063,0.7976197020616382,1062,1,1333ebc38ca7f268732fc93a7fe6c7564a1b809c43e77dbfb8990d4c6e101c7a
1064,0.7957629866705247,1063,1,1333ebc38ca7f268732fc93a7fe6c7564a1b809c43e77dbfb8990d4c6e101c7a
1065,0.9266435839235784,1064,1,1333ebc38ca7f268732fc93a7fe6c7564a1b809c43e77dbfb8990d4c6e101c7a
1066,0.8965889159590006,1065,1,1333ebc38ca7f268732fc93a7fe6c7564a1b809c43e77dbfb8990d4c6e101c7a
1067,0.5739689114507769,1066,1,1333ebc38ca7f268732fc93a7fe6c7564a1b809c43e77dbfb8990d4c6e101c7a
1068,0.6153460717916914,1067,1,1333ebc38ca7f268732fc93a7fe6c7564a1b809c43e77dbfb8990d4c6e101c7a
1069,0.8100540691217759,1068,1,1333ebc38ca7f268732fc93a7fe6c7564a1b809c43e77dbfb8990d4c6e101c7a
1070,0.6496214725614059,1069,1,1333ebc38ca7f268732fc93a7fe6c7564a1b809c43e77dbfb8990d4c6e101c7a
1071,0.7986503735883161,1070,1,1333ebc38ca7f268732fc93a7fe6c7564a1b809c43e77dbfb8990d4c6e101c7a
1072,0.6368022425449453,1071,1,1333ebc38ca7f268732fc93a7fe6c7564a1b809c43e77dbfb8990d4c6e101c7a
1073,0.7733514310093597,1072,1,1333ebc38ca7f268732fc93a7fe6c7564a1b809c43e77dbfb8990d4c6e101c7a
1074,0.7015735492714441,1073,1,1333ebc38ca7f268732fc93a7fe6c7564a1b809c43e77dbfb8990d4c6e101c7a
1075,0.5960458856956734,1074,1,1333ebc38ca7f268732fc93a7fe6c7564a1b809c43e77dbfb8990d4c6e101c7a
1076,0.5530863548628986,1075,1,1333ebc38ca7f268732fc93a7fe6c7564a1b809c43e77dbfb8990d4c6e101c7a
1077,0.7146889776690699,1076,1,1333ebc38ca7f268732fc93a7fe6c7564a1b809c43e77dbfb8990d4c6e101c7a
1078,0.8327900676522404,1077,1,1333ebc38ca7f268732fc93a7fe6c7564a1b809c43e77dbfb8990d4c6e101c7a
1079,0.5817351712748859,1078,1,1333ebc38ca7f268732fc93a7fe6c7564a1b809c43e77dbfb8990d4c6e101c7a
1080,0.6244616413023323,1079,1,1333ebc38ca7f268732fc93a7fe6c7564a1b809c43e77dbfb8990d4c6e101c7a
1081,0.6336846663519964,1080,1,1333ebc38ca7f268732fc93a7fe6c7564a1b809c43e77dbfb8990d4c6e101c7a
1082,0.5783522485144204,1081,1,1333ebc38ca7f268732fc93a7fe6c7564a1b809c43e77dbfb8990d4c6e101c7a
1083,0.7906139724655077,1082,1,1333ebc38ca7f268732fc93a7fe6c7564a1b809c43e77dbfb8990d4c6e101c7a
1084,0.6355121043452527,1083,1,1333ebc38ca7f268732fc93a7fe6c7564a1b809c43e77dbfb8990d4c6e101c7a
1085,0.701097795041278,1084,1,1333ebc38ca7f268732fc93a7fe6c7564a1b809c43e77dbfb8990d4c6e101c7a
1086,0.6975849765171915,1085,1,1333ebc38ca7f268732fc93a7fe6c7564a1b809c43e77dbfb8990d4c6e101c7a
1087,0.626322108986642,1086,1,1333ebc38ca7f268732fc93a7fe6c7564a1b809c43e77dbfb8990d4c6e101c7a
1088,0.6611898165192542,1087,1,1333ebc38ca7f268732fc93a7fe6c7564a1b809c43e77dbfb8990d4c6e101c7a
1089,0.6227572782483435,1088,1,1333ebc38ca7f268732fc93a7fe6c7564a1b809c43e77dbfb8990d4c6e101c7a
1090,0.7888399365765508,1089,1,1333ebc38ca7f268732fc93a7fe6c7564a1b809c43e77dbfb8990d4c6e101c7a
1091,0.7137137145964516,1090,1,1333ebc38ca7f268732fc93a7fe6c7564a1b809c43e77dbfb8990d4c6e101c7a
1092,0.7071173405635136,1091,1,1333ebc38ca7f268732fc93a7fe6c7564a1b809c43e77dbfb8990d4c6e101c7a
1093,0.6726870131832356,1092,1,1333ebc38ca7f268732fc93a7fe6c7564a1b809c43e77dbfb8990d4c6e101c7a
1094,0.5489153110768115,1093,1,1333ebc38ca7f268732fc93a7fe6c7564a1b809c43e77dbfb8990d4c6e101c7a
1095,0.560283580023679,1094,1,1333ebc38ca7f268732fc93a7fe6c7564a1b809c43e77dbfb8990d4c6e101c7a
1096,0.718369285314111,1095,1,1333ebc38ca7f268732fc93a7fe6c7564a1b809c43e77dbfb8990d4c6e101c7a
1097,0.6938746221593117,1096,1,1333ebc38ca7f268732fc93a7fe6c7564a1b809c43e77dbfb8990d4c6e101c7a
1098,0.4842290389465322,1097,1,1333ebc38ca7f268732fc93a7fe6c7564a1b809c43e77dbfb8990d4c6e101c7a
1099,0.477452557046945,1098,1,1333ebc38ca7f268732fc93a7fe6c7564a1b809c43e77dbfb8990d4c6e101c7a
1100,0.56501374968866,1099,1,1333ebc38ca7f268732fc93a7fe6c7564a1b809c43e77dbfb8990d4c6e101c7a
1101,0.7576294094324112,1100,1,1333ebc38ca7f268732fc93a7fe6c7564a1b809c43e77dbfb8990d4c6e101c7a
1102,0.7396272334735841,1101,1,1333ebc38ca7f268732fc93a7fe6c7564a1b809c43e77dbfb8990d4c6e101c7a
1103,0.8293839452089742,1102,1,1333ebc38ca7f268732fc93a7fe6c7564a1b809c43e77dbfb8990d4c6e101c7a
1104,0.6382547536909442,1103,1,1333ebc38ca7f268732fc93a7fe6c7564a1b809c43e77dbfb8990d4c6e101c7a
1105,0.6496458850342606,1104,1,1333ebc38ca7f268732fc93a7fe6c7564a1b809c43e77dbfb8990d4c6e101c7a
1106,0.6793358682888554,1105,1,1333ebc38ca7f268732fc93a7fe6c7564a1b809c43e77dbfb8990d4c6e101c7a
1107,0.6474067275412381,1106,1,1333ebc38ca7f268732fc93a7fe6c7564a1b809c43e77dbfb8990d4c6e101c7a
1108,0.8145418750937097,1107,1,1333ebc38ca7f268732fc93a7fe6c7564a1b809c43e77dbfb8990d4c6e101c7a
1109,0.6722727940323239,1108,1,1333ebc38ca7f268732fc93a7fe6c7564a1b809c43e77dbfb8990d4c6e101c7a
1110,0.7907134229317307,1109,1,1333ebc38ca7f268732fc93a7fe6c7564a1b809c43e77dbfb8990d4c6e101c7a
1111,0.5591933895793773,1110,1,1333ebc38ca7f268732fc93a7fe6c7564a1b809c43e77dbfb8990d4c6e101c7a
1112,0.8696848544714157,1111,1,1333ebc38ca7f268732fc93a7fe6c7564a1b809c43e77dbfb8990d4c6e101c7a
1113,0.516911524085856,1112,1,1333ebc38ca7f268732fc93a7fe6c7564a1b809c43e77dbfb8990d4c6e101c7a
1114,0.6388084529571643,1113,1,1333ebc38ca7f268732fc93a7fe6c7564a1b809c43e77dbfb8990d4c6e101c7a
1115,0.6000661341315379,1114,1,1333ebc38ca7f268732fc93a7fe6c7564a1b809c43e77dbfb8990d4c6e101c7a
1116,0.8420022956561297,1115,1,1333ebc38ca7f268732fc93a7fe6c7564a1b809c43e77dbfb8990d4c6e101c7a
1117,0.6294364639943986,1116,1,1333ebc38ca7f268732fc93a7fe6c7564a1b809c43e77dbfb8990d4c6e101c7a
1118,0.6813213459099643,1117,1,1333ebc38ca7f268732fc93a7fe6c7564a1b809c43e77dbfb8990d4c6e101c7a
1119,0.6177767449335079,1118,1,1333ebc38ca7f268732fc93a7fe6c7564a1b809c43e77dbfb8990d4c6e101c7a
1120,0.7612897260114551,1119,1,1333ebc38ca7f268732fc93a7fe6c7564a1b809c43e77dbfb8990d4c6e101c7a
1121,0.6562477323859639,1120,1,1333ebc38ca7f268732fc93a7fe6c7564a1b809c43e77dbfb8990d4c6e101c7a
1122,0.4743739559780806,1121,1,1333ebc38ca7f268732fc93a7fe6c7564a1b809c43e77dbfb8990d4c6e101c7a
1123,0.5728266885635094,1122,1,1333ebc38ca7f268732fc93a7fe6c7564a1b809c43e77dbfb8990d4c6e101c7a
1124,0.7832290987716988,1123,1,1333ebc38ca7f268732fc93a7fe6c7564a1b809c43e77dbfb8990d4c6e101c7a
1125,0.8040367095381953,1124,1,1333ebc38ca7f268732fc93a7fe6c7564a1b809c43e77dbfb8990d4c6e101c7a
1126,0.7897222408792004,1125,1,1333ebc38ca7f268732fc93a7fe6c7564a1b809c43e77dbfb8990d4c6e101c7a
1127,0.7817150558621506,1126,1,1333ebc38ca7f268732fc93a7fe6c7564a1b809c43e77dbfb8990d4c6e101c7a
1128,0.6214028081209523,1127,1,1333ebc38ca7f268732fc93a7fe6c7564a1b809c43e77dbfb8990d4c6e101c7a
1129,0.7910814754795865,1128,1,1333ebc38ca7f268732fc93a7fe6c7564a1b809c43e77dbfb8990d4c6e101c7a
1130,0.6165721745147472,1129,1,1333ebc38ca7f268732fc93a7fe6c7564a1b809c43e77dbfb8990d4c6e101c7a
1131,0.7757562755141407,1130,1,1333ebc38ca7f268732fc93a7fe6c7564a1b809c43e77dbfb8990d4c6e101c7a
1132,0.6350988334452268,1131,1,1333ebc38ca7f268732fc93a7fe6c7564a1b809c43e77dbfb8990d4c6e101c7a
1133,0.7872300454682772,1132,1,1333ebc38ca7f268732fc93a7fe6c7564a1b809c43e77dbfb8990d4c6e101c7a
1134,0.7966824522134175,1133,1,1333ebc38ca7f268732fc93a7fe6c7564a1b809c43e77dbfb8990d4c6e101c7a
1135,0.8114092347677797,1134,1,1333ebc38ca7f268732fc93a7fe6c7564a1b809c43e77dbfb8990d4c6e101c7a
1136,0.6563990149976462,1135,1,1333ebc38ca7f268732fc93a7fe6c7564a1b809c43e77dbfb8990d4c6e101c7a
1137,0.6425218457261508,1136,1,1333ebc38ca7f268732fc93a7fe6c7564a1b809c43e77dbfb8990d4c6e101c7a
1138,0.8144631092436612,1137,1,1333ebc38ca7f268732fc93a7fe6c7564a1b809c43e77dbfb8990d4c6e101c7a
1139,0.7095774380120758,1138,1,1333ebc38ca7f268732fc93a7fe6c7564a1b809c43e77dbfb8990d4c6e101c7a
1140,0.6325602902475111,1139,1,1333ebc38ca7f268732fc93a7fe6c7564a1b809c43e77dbfb8990d4c6e101c7a
1141,0.5664142882819441,1140,1,1333ebc38ca7f268732fc93a7fe6c7564a1b809c43e77dbfb8990d4c6e101c7a
1142,0.502582790230008,1141,1,1333ebc38ca7f268732fc93a7fe6c7564a1b809c43e77dbfb8990d4c6e101c7a
1143,0.7919720209392835,1142,1,1333ebc38ca7f268732fc93a7fe6c7564a1b809c43e77dbfb8990d4c6e101c7a
1144,0.812647982240378,1143,1,1333ebc38ca7f268732fc93a7fe6c7564a1b809c43e77dbfb8990d4c6e101c7a
1145,0.6056677956718933,1144,1,1333ebc38ca7f268732fc93a7fe6c7564a1b809c43e77dbfb8990d4c6e101c7a
1146,0.4461198550416156,1145,1,1333ebc38ca7f268732fc93a7fe6c7564a1b809c43e77dbfb8990d4c6e101c7a
1147,0.5856084325858261,1146,1,1333ebc38ca7f268732fc93a7fe6c7564a1b809c43e77dbfb8990d4c6e101c7a
1148,0.7847861744230613,1147,1,1333ebc38ca7f268732fc93a7fe6c7564a1b809c43e77dbfb8990d4c6e101c7a
1149,0.5634036023110411,1148,1,1333ebc38ca7f268732fc93a7fe6c7564a1b809c43e77dbfb8990d4c6e101c7a
1150,0.8088512710528448,1149,1,1333ebc38ca7f268732fc93a7fe6c7564a1b809c43e77dbfb8990d4c6e101c7a
1151,0.827446216950193,1150,1,1333ebc38ca7f268732fc93a7fe6c7564a1b809c43e77dbfb8990d4c6e101c7a
1152,0.5809930933319265,1151,1,1333ebc38ca7f268732fc93a7fe6c7564a1b809c43e77dbfb8990d4c6e101c7a
1153,0.8541268613189459,1152,1,1333ebc38ca7f268732fc93a7fe6c7564a1b809c43e77dbfb8990d4c6e101c7a
1154,0.8347206651669694,1153,1,1333ebc38ca7f268732fc93a7fe6c7564a1b809c43e77dbfb8990d4c6e101c7a
1155,0.7198354231463782,1154,1,1333ebc38ca7f268732fc93a7fe6c7564a1b809c43e77dbfb8990d4c6e101c7a
1156,0.7165726718376391,1155,1,1333ebc38ca7f268732fc93a7fe6c7564a1b809c43e77dbfb8990d4c6e101c7a
1157,0.5974137957039503,1156,1,1333ebc38ca7f268732fc93a7fe6c7564a1b809c43e77dbfb8990d4c6e101c7a
1158,0.7305867393733934,1157,1,1333ebc38ca7f268732fc93a7fe6c7564a1b809c43e77dbfb8990d4c6e101c7a
1159,0.567715595437221,1158,1,1333ebc38ca7f268732fc93a7fe6c7564a1b809c43e77dbfb8990d4c6e101c7a
1160,0.8035481092158534,1159,1,1333ebc38ca7f268732fc93a7fe6c7564a1b809c43e77dbfb8990d4c6e101c7a
1161,0.6965462642492639,1160,1,1333ebc38ca7f268732fc93a7fe6c7564a1b809c43e77dbfb8990d4c6e101c7a
1162,0.6739785150457465,1161,1,1333ebc38ca7f268732fc93a7fe6c7564a1b809c43e77dbfb8990d4c6e101c7a
1163,0.67390388518902,1162,1,1333ebc38ca7f268732fc93a7fe6c7564a1b809c43e77dbfb8990d4c6e101c7a
1164,0.6441215545055456,1163,1,1333ebc38ca7f268732fc93a7fe6c7564a1b809c43e77dbfb8990d4c6e101c7a
1165,0.8082028886710759,1164,1,1333ebc38ca7f268732fc93a7fe6c7564a1b809c43e77dbfb8990d4c6e101c7a
1166,0.6400178802645513,1165,1,1333ebc38ca7f268732fc93a7fe6c7564a1b809c43e77dbfb8990d4c6e101c7a
1167,0.7873562571239745,1166,1,1333ebc38ca7f268732fc93a7fe6c7564a1b809c43e77dbfb8990d4c6e101c7a
1168,0.4830757916255059,1167,1,1333ebc38ca7f268732fc93a7fe6c7564a1b809c43e77dbfb8990d4c6e101c7a
1169,0.7781419765669852,1168,1,1333ebc38ca7f268732fc93a7fe6c7564a1b809c43e77dbfb8990d4c6e101c7a
1170,0.550172121445982,1169,1,1333ebc38ca7f268732fc93a7fe6c7564a1b809c43e77dbfb8990d4c6e101c7a
1171,0.8195422079693344,1170,1,1333ebc38ca7f268732fc93a7fe6c7564a1b809c43e77dbfb8990d4c6e101c7a
1172,0.57187367361621,1171,1,1333ebc38ca7f268732fc93a7fe6c7564a1b809c43e77dbfb8990d4c6e101c7a
1173,0.7119893999188207,1172,1,1333ebc38ca7f268732fc93a7fe6c7564a1b809c43e77dbfb8990d4c6e101c7a
1174,0.8752583846799098,1173,1,1333ebc38ca7f268732fc93a7fe6c7564a1b809c43e77dbfb8990d4c6e101c7a
1175,0.5903900231083989,1174,1,1333ebc38ca7f268732fc93a7fe6c7564a1b809c43e77dbfb8990d4c6e101c7a
1176,0.4765302559798661,1175,1,1333ebc38ca7f268732fc93a7fe6c7564a1b809c43e77dbfb8990d4c6e101c7a
1177,0.7559072713629575,1176,1,1333ebc38ca7f268732fc93a7fe6c7564a1b809c43e77dbfb8990d4c6e101c7a
1178,0.6545817042779163,1177,1,1333ebc38ca7f268732fc93a7fe6c7564a1b809c43e77dbfb8990d4c6e101c7a
1179,0.6322949773071969,1178,1,1333ebc38ca7f268732fc93a7fe6c7564a1b809c43e77dbfb8990d4c6e101c7a
1180,0.7897153832018375,1179,1,1333ebc38ca7f268732fc93a7fe6c7564a1b809c43e77dbfb8990d4c6e101c7a
1181,0.709848100794261,1180,1,1333ebc38ca7f268732fc93a7fe6c7564a1b809c43e77dbfb8990d4c6e101c7a
1182,0.6951336181971328,1181,1,1333ebc38ca7f268732fc93a7fe6c7564a1b809c43e77dbfb8990d4c6e101c7a
1183,0.8210867687303107,1182,1,1333ebc38ca7f268732fc93a7fe6c7564a1b809c43e77dbfb8990d4c6e101c7a
1184,0.523155793048204,1183,1,1333ebc38ca7f268732fc93a7fe6c7564a1b809c43e77dbfb8990d4c6e101c7a
1185,0.5091342484629422,1184,1,1333ebc38ca7f268732fc93a7fe6c7564a1b809c43e77dbfb8990d4c6e101c7a
1186,0.8154806115562678,1185,1,1333ebc38ca7f268732fc93a7fe6c7564a1b809c43e77dbfb8990d4c6e101c7a
1187,0.6124044394018711,1186,1,1333ebc38ca7f268732fc93a7fe6c7564a1b809c43e77dbfb8990d4c6e101c7a
1188,0.7847313481761375,1187,1,1333ebc38ca7f268732fc93a7fe6c7564a1b809c43e77dbfb8990d4c6e101c7a
1189,0.8022795986762503,1188,1,1333ebc38ca7f268732fc93a7fe6c7564a1b809c43e77dbfb8990d4c6e101c7a
1190,0.6449055971955602,1189,1,1333ebc38ca7f268732fc93a7fe6c7564a1b809c43e77dbfb8990d4c6e101c7a
1191,0.7737738246360095,1190,1,1333ebc38ca7f268732fc93a7fe6c7564a1b809c43e77dbfb8990d4c6e101c7a
1192,0.6701925673041842,1191,1,1333ebc38ca7f268732fc93a7fe6c7564a1b809c43e77dbfb8990d4c6e101c7a
1193,0.6113962321105646,1192,1,1333ebc38ca7f268732fc93a7fe6c7564a1b809c43e77dbfb8990d4c6e101c7a
1194,0.4448032483815041,1193,1,1333ebc38ca7f268732fc93a7fe6c7564a1b809c43e77dbfb8990d4c6e101c7a
1195,0.7829085706325714,1194,1,1333ebc38ca7f268732fc93a7fe6c7564a1b809c43e77dbfb8990d4c6e101c7a
1196,0.5757636989583396,1195,1,1333ebc38ca7f268732fc93a7fe6c7564a1b809c43e77dbfb8990d4c6e101c7a
1197,0.7999775253556436,1196,1,1333ebc38ca7f268732fc93a7fe6c7564a1b809c43e77dbfb8990d4c6e101c7a
1198,0.5938045739836721,1197,1,1333ebc38ca7f268732fc93a7fe6c7564a1b809c43e77dbfb8990d4c6e101c7a
1199,0.7459742575883865,1198,1,1333ebc38ca7f268732fc93a7fe6c7564a1b809c43e77dbfb8990d4c6e101c7a
1200,0.8409016412915662,1199,1,1333ebc38ca7f268732fc93a7fe6c7564a1b809c43e77dbfb8990d4c6e101c7a
1201,0.452694854647234,1200,1,1333ebc38ca7f268732fc93a7fe6c7564a1b809c43e77dbfb8990d4c6e101c7a
1202,0.5489234047754508,1201,1,1333ebc38ca7f268732fc93a7fe6c7564a1b809c43e77dbfb8990d4c6e101c7a
1203,0.8340633995831013,1202,1,1333ebc38ca7f268732fc93a7fe6c7564a1b809c43e77dbfb8990d4c6e101c7a
1204,0.6330090352060225,1203,1,1333ebc38ca7f268732fc93a7fe6c7564a1b809c43e77dbfb8990d4c6e101c7a
1205,0.7132418612745823,1204,1,1333ebc38ca7f268732fc93a7fe6c7564a1b809c43e77dbfb8990d4c6e101c7a
1206,0.6641282696882627,1205,1,1333ebc38ca7f268732fc93a7fe6c7564a1b809c43e77dbfb8990d4c6e101c7a
1207,0.5258327022930693,1206,1,1333ebc38ca7f268732fc93a7fe6c7564a1b809c43e77dbfb8990d4c6e101c7a
1208,0.5656164037063718,1207,1,1333ebc38ca7f268732fc93a7fe6c7564a1b809c43e77dbfb8990d4c6e101c7a
1209,0.6265175107546384,1208,1,1333ebc38ca7f268732fc93a7fe6c7564a1b809c43e77dbfb8990d4c6e101c7a
1210,0.8020275314338505,1209,1,1333ebc38ca7f268732fc93a7fe6c7564a1b809c43e77dbfb8990d4c6e101c7a
1211,0.7649499204071617,1210,1,1333ebc38ca7f268732fc93a7fe6c7564a1b809c43e77dbfb8990d4c6e101c7a
1212,0.6173346395371482,1211,1,1333ebc38ca7f268732fc93a7fe6c7564a1b809c43e77dbfb8990d4c6e101c7a
1213,0.877538529913636,1212,1,1333ebc38ca7f268732fc93a7fe6c7564a1b809c43e77dbfb8990d4c6e101c7a
1214,0.6762374948011711,1213,1,1333ebc38ca7f268732fc93a7fe6c7564a1b809c43e77dbfb8990d4c6e101c7a
1215,0.644562048026529,1214,1,1333ebc38ca7f268732fc93a7fe6c7564a1b809c43e77dbfb8990d4c6e101c7a
1216,0.6371554788202047,1215,1,1333ebc38ca7f268732fc93a7fe6c7564a1b809c43e77dbfb8990d4c6e101c7a
1217,0.7998680673808849,1216,1,1333ebc38ca7f268732fc93a7fe6c7564a1b809c43e77dbfb8990d4c6e101c7a
1218,0.5425494052821935,1217,1,1333ebc38ca7f268732fc93a7fe6c7564a1b809c43e77dbfb8990d4c6e101c7a
1219,0.6493320149238571,1218,1,1333ebc38ca7f268732fc93a7fe6c7564a1b809c43e77dbfb8990d4c6e101c7a
1220,0.7079623382669524,1219,1,1333ebc38ca7f268732fc93a7fe6c7564a1b809c43e77dbfb8990d4c6e101c7a
1221,0.7372775342068962,1220,1,1333ebc38ca7f268732fc93a7fe6c7564a1b809c43e77dbfb8990d4c6e101c7a
1222,0.6193981425119286,1221,1,1333ebc38ca7f268732fc93a7fe6c7564a1b809c43e77dbfb8990d4c6e101c7a
1223,0.6230017923034268,1222,1,1333ebc38ca7f268732fc93a7fe6c7564a1b809c43e77dbfb8990d4c6e101c7a
1224,0.4647237588352482,1223,1,1333ebc38ca7f268732fc93a7fe6c7564a1b809c43e77dbfb8990d4c6e101c7a
1225,0.3577471987658782,1224,1,1333ebc38ca7f268732fc93a7fe6c7564a1b809c43e77dbfb8990d4c6e101c7a
1226,0.864312881603837,1225,1,1333ebc38ca7f268732fc93a7fe6c7564a1b809c43e77dbfb8990d4c6e101c7a
1227,0.8395296337257605,1226,1,1333ebc38ca7f268732fc93a7fe6c7564a1b809c43e77dbfb8990d4c6e101c7a
1228,0.7681786783566622,1227,1,1333ebc38ca7f268732fc93a7fe6c7564a1b809c43e77dbfb8990d4c6e101c7a
1229,0.8652622064109892,1228,1,1333ebc38ca7f268732fc93a7fe6c7564a1b809c43e77dbfb8990d4c6e101c7a
1230,0.3647848489289913,1229,1,1333ebc38ca7f268732fc93a7fe6c7564a1b809c43e77dbfb8990d4c6e101c7a
1231,0.7318549392512068,1230,1,1333ebc38ca7f268732fc93a7fe6c7564a1b809c43e77dbfb8990d4c6e101c7a
1232,0.6605332804319914,1231,1,1333ebc38ca7f268732fc93a7fe6c7564a1b809c43e77dbfb8990d4c6e101c7a
1233,0.7194649079247029,1232,1,1333ebc38ca7f268732fc93a7fe6c7564a1b809c43e77dbfb8990d4c6e101c7a
1234,0.7106157535213242,1233,1,1333ebc38ca7f268732fc93a7fe6c7564a1b809c43e77dbfb8990d4c6e101c7a
1235,0.6630991259589791,1234,1,1333ebc38ca7f268732fc93a7fe6c7564a1b809c43e77dbfb8990d4c6e101c7a
1236,0.4804195056981666,1235,1,1333ebc38ca7f268732fc93a7fe6c7564a1b809c43e77dbfb8990d4c6e101c7a
1237,0.6625645723979687,1236,1,1333ebc38ca7f268732fc93a7fe6c7564a1b809c43e77dbfb8990d4c6e101c7a
1238,0.7806811746710309,1237,1,1333ebc38ca7f268732fc93a7fe6c7564a1b809c43e77dbfb8990d4c6e101c7a
1239,0.8360284360824153,1238,1,1333ebc38ca7f268732fc93a7fe6c7564a1b809c43e77dbfb8990d4c6e101c7a
1240,0.7222323744899768,1239,1,1333ebc38ca7f268732fc93a7fe6c7564a1b809c43e77dbfb8990d4c6e101c7a
1241,0.7369453333376441,1240,1,1333ebc38ca7f268732fc93a7fe6c7564a1b809c43e77dbfb8990d4c6e101c7a
1242,0.7784898820755188,1241,1,1333ebc38ca7f268732fc93a7fe6c7564a1b809c43e77dbfb8990d4c6e101c7a
1243,0.7755547834094614,1242,1,1333ebc38ca7f268732fc93a7fe6c7564a1b809c43e77dbfb8990d4c6e101c7a
1244,0.7796837814239552,1243,1,1333ebc38ca7f268732fc93a7fe6c7564a1b809c43e77dbfb8990d4c6e101c7a
1245,0.7407396831149384,1244,1,1333ebc38ca7f268732fc93a7fe6c7564a1b809c43e77dbfb8990d4c6e101c7a
1246,0.7602211859921226,1245,1,1333ebc38ca7f268732fc93a7fe6c7564a1b809c43e77dbfb8990d4c6e101c7a
1247,0.6308248730498356,1246,1,1333ebc38ca7f268732fc93a7fe6c7564a1b809c43e77dbfb8990d4c6e101c7a
1248,0.6847653371514753,1247,1,1333ebc38ca7f268732fc93a7fe6c7564a1b809c43e77dbfb8990d4c6e101c7a
1249,0.5668358402894158,1248,1,1333ebc38ca7f268732fc93a7fe6c7564a1b809c43e77dbfb8990d4c6e101c7a
1250,0.6675405701389536,1249,1,1333ebc38ca7f268732fc93a7fe6c7564a1b809c43e77dbfb8990d4c6e101c7a
1251,0.8476529780909914,1250,1,1333ebc38ca7f268732fc93a7fe6c7564a1b809c43e77dbfb8990d4c6e101c7a
1252,0.7459892276274331,1251,1,1333ebc38ca7f268732fc93a7fe6c7564a1b809c43e77dbfb8990d4c6e101c7a
1253,0.6311820047267247,1252,1,1333ebc38ca7f268732fc93a7fe6c7564a1b809c43e77dbfb8990d4c6e101c7a
1254,0.7680942756705917,1253,1,1333ebc38ca7f268732fc93a7fe6c7564a1b809c43e77dbfb8990d4c6e101c7a
1255,0.6921985287268058,1254,1,1333ebc38ca7f268732fc93a7fe6c7564a1b809c43e77dbfb8990d4c6e101c7a
1256,0.7752841658468057,1255,1,1333ebc38ca7f268732fc93a7fe6c7564a1b809c43e77dbfb8990d4c6e101c7a
1257,0.6442879354581237,1256,1,1333ebc38ca7f268732fc93a7fe6c7564a1b809c43e77dbfb8990d4c6e101c7a
1258,0.5809842016315088,1257,1,1333ebc38ca7f268732fc93a7fe6c7564a1b809c43e77dbfb8990d4c6e101c7a
1259,0.7079680826051344,1258,1,1333ebc38ca7f268732fc93a7fe6c7564a1b809c43e77dbfb8990d4c6e101c7a
1260,0.6759267559027649,1259,1,1333ebc38ca7f268732fc93a7fe6c7564a1b809c43e77dbfb8990d4c6e101c7a
1261,0.7118115781528758,1260,1,1333ebc38ca7f268732fc93a7fe6c7564a1b809c43e77dbfb8990d4c6e101c7a
1262,0.5665575928287581,1261,1,1333ebc38ca7f268732fc93a7fe6c7564a1b809c43e77dbfb8990d4c6e101c7a
1263,0.7847325272246621,1262,1,1333ebc38ca7f268732fc93a7fe6c7564a1b809c43e77dbfb8990d4c6e101c7a
1264,0.6486815238736721,1263,1,1333ebc38ca7f268732fc93a7fe6c7564a1b809c43e77dbfb8990d4c6e101c7a
1265,0.5636952348412194,1264,1,1333ebc38ca7f268732fc93a7fe6c7564a1b809c43e77dbfb8990d4c6e101c7a
1266,0.7158438883780036,1265,1,1333ebc38ca7f268732fc93a7fe6c7564a1b809c43e77dbfb8990d4c6e101c7a
1267,0.4996283704535926,1266,1,1333ebc38ca7f268732fc93a7fe6c7564a1b809c43e77dbfb8990d4c6e101c7a
1268,0.6139516841976729,1267,1,1333ebc38ca7f268732fc93a7fe6c7564a1b809c43e77dbfb8990d4c6e101c7a
1269,0.6565501417389896,1268,1,1333ebc38ca7f268732fc93a7fe6c7564a1b809c43e77dbfb8990d4c6e101c7a
1270,0.609084851828456,1269,1,1333ebc38ca7f268732fc93a7fe6c7564a1b809c43e77dbfb8990d4c6e101c7a
1271,0.7447569200594444,1270,1,1333ebc38ca7f268732fc93a7fe6c7564a1b809c43e77dbfb8990d4c6e101c7a
1272,0.6455248396654127,1271,1,1333ebc38ca7f268732fc93a7fe6c7564a1b809c43e77dbfb8990d4c6e101c7a
1273,0.7142682171543129,1272,1,1333ebc38ca7f268732fc93a7fe6c7564a1b809c43e77dbfb8990d4c6e101c7a
1274,0.5865540798988604,1273,1,1333ebc38ca7f268732fc93a7fe6c7564a1b809c43e77dbfb8990d4c6e101c7a
1275,0.6654935372062027,1274,1,1333ebc38ca7f268732fc93a7fe6c7564a1b809c43e77dbfb8990d4c6e101c7a
1276,0.6467636271168812,1275,1,1333ebc38ca7f268732fc93a7fe6c7564a1b809c43e77dbfb8990d4c6e101c7a
1277,0.7245649645614662,1276,1,1333ebc38ca7f268732fc93a7fe6c7564a1b809c43e77dbfb8990d4c6e101c7a
1278,0.72828582173765,1277,1,1333ebc38ca7f268732fc93a7fe6c7564a1b809c43e77dbfb8990d4c6e101c7a
1279,0.8725784967537038,1278,1,1333ebc38ca7f268732fc93a7fe6c7564a1b809c43e77dbfb8990d4c6e101c7a
1280,0.5732306724531355,1279,1,1333ebc38ca7f268732fc93a7fe6c7564a1b809c43e77dbfb8990d4c6e101c7a
1281,0.4668815849388323,1280,1,1333ebc38ca7f268732fc93a7fe6c7564a1b809c43e77dbfb8990d4c6e101c7a
1282,0.7150640876695604,1281,1,1333ebc38ca7f268732fc93a7fe6c7564a1b809c43e77dbfb8990d4c6e101c7a
1283,0.6770831358722944,1282,1,1333ebc38ca7f268732fc93a7fe6c7564a1b809c43e77dbfb8990d4c6e101c7a
1284,0.6891971343793557,1283,1,1333ebc38ca7f268732fc93a7fe6c7564a1b809c43e77dbfb8990d4c6e101c7a
1285,0.6753618780348916,1284,1,1333ebc38ca7f268732fc93a7fe6c7564a1b809c43e77dbfb8990d4c6e101c7a
1286,0.5706466600513256,1285,1,1333ebc38ca7f268732fc93a7fe6c7564a1b809c43e77dbfb8990d4c6e101c7a
1287,0.5820487126127034,1286,1,1333ebc38ca7f268732fc93a7fe6c7564a1b809c43e77dbfb8990d4c6e101c7a
1288,0.7102872578943789,1287,1,1333ebc38ca7f268732fc93a7fe6c7564a1b809c43e77dbfb8990d4c6e101c7a
1289,0.7674938243417273,1288,1,1333ebc38ca7f268732fc93a7fe6c7564a1b809c43e77dbfb8990d4c6e101c7a
1290,0.6725586983375251,1289,1,1333ebc38ca7f268732fc93a7fe6c7564a1b809c43e77dbfb8990d4c6e101c7a
1291,0.6372176113018213,1290,1,1333ebc38ca7f268732fc93a7fe6c7564a1b809c43e77dbfb8990d4c6e101c7a
1292,0.6247503010510798,1291,1,1333ebc38ca7f268732fc93a7fe6c7564a1b809c43e77dbfb8990d4c6e101c7a
1293,0.5963204787203722,1292,1,1333ebc38ca7f268732fc93a7fe6c7564a1b809c43e77dbfb8990d4c6e101c7a
1294,0.7844632501655724,1293,1,1333ebc38ca7f268732fc93a7fe6c7564a1b809c43e77dbfb8990d4c6e101c7a
1295,0.8048923169844784,1294,1,1333ebc38ca7f268732fc93a7fe6c7564a1b809c43e77dbfb8990d4c6e101c7a
1296,0.5241415999271339,1295,1,1333ebc38ca7f268732fc93a7fe6c7564a1b809c43e77dbfb8990d4c6e101c7a
1297,0.7157954375143163,1296,1,1333ebc38ca7f268732fc93a7fe6c7564a1b809c43e77dbfb8990d4c6e101c7a
1298,0.6127452002930767,1297,1,1333ebc38ca7f268732fc93a7fe6c7564a1b809c43e77dbfb8990d4c6e101c7a
1299,0.7812701643852051,1298,1,1333ebc38ca7f268732fc93a7fe6c7564a1b809c43e77dbfb8990d4c6e101c7a
1300,0.5260557797864749,1299,1,1333ebc38ca7f268732fc93a7fe6c7564a1b809c43e77dbfb8990d4c6e101c7a
1301,0.6546531824843669,1300,1,1333ebc38ca7f268732fc93a7fe6c7564a1b809c43e77dbfb8990d4c6e101c7a
1302,0.8972194911912084,1301,1,1333ebc38ca7f268732fc93a7fe6c7564a1b809c43e77dbfb8990d4c6e101c7a
1303,0.60252413622311,1302,1,1333ebc38ca7f268732fc93a7fe6c7564a1b809c43e77dbfb8990d4c6e101c7a
1304,0.7357596673537046,1303,1,1333ebc38ca7f268732fc93a7fe6c7564a1b809c43e77dbfb8990d4c6e101c7a
1305,0.6929450156285384,1304,1,1333ebc38ca7f268732fc93a7fe6c7564a1b809c43e77dbfb8990d4c6e101c7a
1306,0.6396511344119062,1305,1,1333ebc38ca7f268732fc93a7fe6c7564a1b809c43e77dbfb8990d4c6e101c7a
1307,0.7972218131241107,1306,1,1333ebc38ca7f268732fc93a7fe6c7564a1b809c43e77dbfb8990d4c6e101c7a
1308,0.6856512689373631,1307,1,1333ebc38ca7f268732fc93a7fe6c7564a1b809c43e77dbfb8990d4c6e101c7a
1309,0.4185554696755353,1308,1,1333ebc38ca7f268732fc93a7fe6c7564a1b809c43e77dbfb8990d4c6e101c7a
1310,0.5918040711597854,1309,1,1333ebc38ca7f268732fc93a7fe6c7564a1b809c43e77dbfb8990d4c6e101c7a
1311,0.7359336377121508,1310,1,1333ebc38ca7f268732fc93a7fe6c7564a1b809c43e77dbfb8990d4c6e101c7a
1312,0.8419614910865221,1311,1,1333ebc38ca7f268732fc93a7fe6c7564a1b809c43e77dbfb8990d4c6e101c7a
1313,0.8742680459981784,1312,1,1333ebc38ca7f268732fc93a7fe6c7564a1b809c43e77dbfb8990d4c6e101c7a
1314,0.6878862531246455,1313,1,1333ebc38ca7f268732fc93a7fe6c7564a1b809c43e77dbfb8990d4c6e101c7a
1315,0.70896876489428,1314,1,1333ebc38ca7f268732fc93a7fe6c7564a1b809c43e77dbfb8990d4c6e101c7a
1316,0.5817961497232318,1315,1,1333ebc38ca7f268732fc93a7fe6c7564a1b809c43e77dbfb8990d4c6e101c7a
1317,0.7326607980094764,1316,1,1333ebc38ca7f268732fc93a7fe6c7564a1b809c43e77dbfb8990d4c6e101c7a
1318,0.3747160963723672,1317,1,1333ebc38ca7f268732fc93a7fe6c7564a1b809c43e77dbfb8990d4c6e101c7a
1319,0.686331332047871,1318,1,1333ebc38ca7f268732fc93a7fe6c7564a1b809c43e77dbfb8990d4c6e101c7a
1320,0.6622451974362775,1319,1,1333ebc38ca7f268732fc93a7fe6c7564a1b809c43e77dbfb8990d4c6e101c7a
1321,0.7083431083202356,1320,1,1333ebc38ca7f268732fc93a7fe6c7564a1b809c43e77dbfb8990d4c6e101c7a
1322,0.6519240289862864,1321,1,1333ebc38ca7f268732fc93a7fe6c7564a1b809c43e77dbfb8990d4c6e101c7a
1323,0.6240271724661,1322,1,1333ebc38ca7f268732fc93a7fe6c7564a1b809c43e77dbfb8990d4c6e101c7a
1324,0.423510039683606,1323,1,1333ebc38ca7f268732fc93a7fe6c7564a1b809c43e77dbfb8990d4c6e101c7a
1325,0.7682684046462782,1324,1,1333ebc38ca7f268732fc93a7fe6c7564a1b809c43e77dbfb8990d4c6e101c7a
1326,0.6131708485046001,1325,1,1333ebc38ca7f268732fc93a7fe6c7564a1b809c43e77dbfb8990d4c6e101c7a
1327,0.6263826976510783,1326,1,1333ebc38ca7f268732fc93a7fe6c7564a1b809c43e77dbfb8990d4c6e101c7a
1328,0.5799672152964372,1327,1,1333ebc38ca7f268732fc93a7fe6c7564a1b809c43e77dbfb8990d4c6e101c7a
1329,0.7758444994542515,1328,1,1333ebc38ca7f268732fc93a7fe6c7564a1b809c43e77dbfb8990d4c6e101c7a
1330,0.6646965787513182,1329,1,1333ebc38ca7f268732fc93a7fe6c7564a1b809c43e77dbfb8990d4c6e101c7a
1331,0.8620720984181389,1330,1,1333ebc38ca7f268732fc93a7fe6c7564a1b809c43e77dbfb8990d4c6e101c7a
1332,0.6245657478648354,1331,1,1333ebc38ca7f268732fc93a7fe6c7564a1b809c43e77dbfb8990d4c6e101c7a
1333,0.8358053259726148,1332,1,1333ebc38ca7f268732fc93a7fe6c7564a1b809c43e77dbfb8990d4c6e101c7a
1334,0.7496843699227611,1333,1,1333ebc38ca7f268732fc93a7fe6c7564a1b809c43e77dbfb8990d4c6e101c7a
1335,0.8930043165014467,1334,1,1333ebc38ca7f268732fc93a7fe6c7564a1b809c43e77dbfb8990d4c6e101c7a
1336,0.7472351593896747,1335,1,1333ebc38ca7f268732fc93a7fe6c7564a1b809c43e77dbfb8990d4c6e101c7a
1337,0.7070753148000222,1336,1,1333ebc38ca7f268732fc93a7fe6c7564a1b809c43e77dbfb8990d4c6e101c7a
1338,0.4127839160573785,1337,1,1333ebc38ca7f268732fc93a7fe6c7564a1b809c43e77dbfb8990d4c6e101c7a
1339,0.3867630365857621,1338,1,1333ebc38ca7f268732fc93a7fe6c7564a1b809c43e77dbfb8990d4c6e101c7a
1340,0.7385326144758437,1339,1,1333ebc38ca7f268732fc93a7fe6c7564a1b809c43e77dbfb8990d4c6e101c7a
1341,0.6355556799098849,1340,1,1333ebc38ca7f268732fc93a7fe6c7564a1b809c43e77dbfb8990d4c6e101c7a
1342,0.7048117792583071,1341,1,1333ebc38ca7f268732fc93a7fe6c7564a1b809c43e77dbfb8990d4c6e101c7a
1343,0.4851033373564917,1342,1,1333ebc38ca7f268732fc93a7fe6c7564a1b809c43e77dbfb8990d4c6e101c7a
1344,0.6976122911437415,1343,1,1333ebc38ca7f268732fc93a7fe6c7564a1b809c43e77dbfb8990d4c6e101c7a
1345,0.565352012985386,1344,1,1333ebc38ca7f268732fc93a7fe6c7564a1b809c43e77dbfb8990d4c6e101c7a
1346,0.5619472608159413,1345,1,1333ebc38ca7f268732fc93a7fe6c7564a1b809c43e77dbfb8990d4c6e101c7a
1347,0.8090839238157059,1346,1,1333ebc38ca7f268732fc93a7fe6c7564a1b809c43e77dbfb8990d4c6e101c7a
1348,0.7007521265186369,1347,1,1333ebc38ca7f268732fc93a7fe6c7564a1b809c43e77dbfb8990d4c6e101c7a
1349,0.7874755638185889,1348,1,1333ebc38ca7f268732fc93a7fe6c7564a1b809c43e77dbfb8990d4c6e101c7a
1350,0.7796431457973085,1349,1,1333ebc38ca7f268732fc93a7fe6c7564a1b809c43e77dbfb8990d4c6e101c7a
1351,0.7531427542090646,1350,1,1333ebc38ca7f268732fc93a7fe6c7564a1b809c43e77dbfb8990d4c6e101c7a
1352,0.8349932190030813,1351,1,1333ebc38ca7f268732fc93a7fe6c7564a1b809c43e77dbfb8990d4c6e101c7a
1353,0.6975118208376898,1352,1,1333ebc38ca7f268732fc93a7fe6c7564a1b809c43e77dbfb8990d4c6e101c7a
1354,0.6308879549178528,1353,1,1333ebc38ca7f268732fc93a7fe6c7564a1b809c43e77dbfb8990d4c6e101c7a
1355,0.6701721645131329,1354,1,1333ebc38ca7f268732fc93a7fe6c7564a1b809c43e77dbfb8990d4c6e101c7a
1356,0.6473000864498317,1355,1,1333ebc38ca7f268732fc93a7fe6c7564a1b809c43e77dbfb8990d4c6e101c7a
1357,0.7639081417638636,1356,1,1333ebc38ca7f268732fc93a7fe6c7564a1b809c43e77dbfb8990d4c6e101c7a
1358,0.6828760865073491,1357,1,1333ebc38ca7f268732fc93a7fe6c7564a1b809c43e77dbfb8990d4c6e101c7a
1359,0.6017738875530085,1358,1,1333ebc38ca7f268732fc93a7fe6c7564a1b809c43e77dbfb8990d4c6e101c7a
1360,0.6839944566272607,1359,1,1333ebc38ca7f268732fc93a7fe6c7564a1b809c43e77dbfb8990d4c6e101c7a
1361,0.6374473649339052,1360,1,1333ebc38ca7f268732fc93a7fe6c7564a1b809c43e77dbfb8990d4c6e101c7a
1362,0.829386581402332,1361,1,1333ebc38ca7f268732fc93a7fe6c7564a1b809c43e77dbfb8990d4c6e101c7a
1363,0.6700131975486556,1362,1,1333ebc38ca7f268732fc93a7fe6c7564a1b809c43e77dbfb8990d4c6e101c7a
1364,0.7651994693442248,1363,1,1333ebc38ca7f268732fc93a7fe6c7564a1b809c43e77dbfb8990d4c6e101c7a
1365,0.5014808903787298,1364,1,1333ebc38ca7f268732fc93a7fe6c7564a1b809c43e77dbfb8990d4c6e101c7a
1366,0.6970778837516391,1365,1,1333ebc38ca7f268732fc93a7fe6c7564a1b809c43e77dbfb8990d4c6e101c7a
1367,0.9159850124269724,1366,1,1333ebc38ca7f268732fc93a7fe6c7564a1b809c43e77dbfb8990d4c6e101c7a
1368,0.7574619693477871,1367,1,1333ebc38ca7f268732fc93a7fe6c7564a1b809c43e77dbfb8990d4c6e101c7a
1369,0.6594417172118483,1368,1,1333ebc38ca7f268732fc93a7fe6c7564a1b809c43e77dbfb8990d4c6e101c7a
1370,0.8328286157920957,1369,1,1333ebc38ca7f268732fc93a7fe6c7564a1b809c43e77dbfb8990d4c6e101c7a
1371,0.7474759264866897,1370,1,1333ebc38ca7f268732fc93a7fe6c7564a1b809c43e77dbfb8990d4c6e101c7a
1372,0.6330127886030823,1371,1,1333ebc38ca7f268732fc93a7fe6c7564a1b809c43e77dbfb8990d4c6e101c7a
1373,0.6714244030889347,1372,1,1333ebc38ca7f268732fc93a7fe6c7564a1b809c43e77dbfb8990d4c6e101c7a
1374,0.6435745143589884,1373,1,1333ebc38ca7f268732fc93a7fe6c7564a1b809c43e77dbfb8990d4c6e101c7a
1375,0.9218664532527328,1374,1,1333ebc38ca7f268732fc93a7fe6c7564a1b809c43e77dbfb8990d4c6e101c7a
1376,0.6335794244660065,1375,1,1333ebc38ca7f268732fc93a7fe6c7564a1b809c43e77dbfb8990d4c6e101c7a
1377,0.6796348307980224,1376,1,1333ebc38ca7f268732fc93a7fe6c7564a1b809c43e77dbfb8990d4c6e101c7a
1378,0.8730994006618857,1377,1,1333ebc38ca7f268732fc93a7fe6c7564a1b809c43e77dbfb8990d4c6e101c7a
1379,0.6399080677157087,1378,1,1333ebc38ca7f268732fc93a7fe6c7564a1b809c43e77dbfb8990d4c6e101c7a
1380,0.7113052994391182,1379,1,1333ebc38ca7f268732fc93a7fe6c7564a1b809c43e77dbfb8990d4c6e101c7a
1381,0.5273425782797858,1380,1,1333ebc38ca7f268732fc93a7fe6c7564a1b809c43e77dbfb8990d4c6e101c7a
1382,0.6785637518523234,1381,1,1333ebc38ca7f268732fc93a7fe6c7564a1b809c43e77dbfb8990d4c6e101c7a
1383,0.4670124060057787,1382,1,1333ebc38ca7f268732fc93a7fe6c7564a1b809c43e77dbfb8990d4c6e101c7a
1384,0.4511366366900802,1383,1,1333ebc38ca7f268732fc93a7fe6c7564a1b809c43e77dbfb8990d4c6e101c7a
1385,0.876971740033099,1384,1,1333ebc38ca7f268732fc93a7fe6c7564a1b809c43e77dbfb8990d4c6e101c7a
1386,0.6327933135908097,1385,1,1333ebc38ca7f268732fc93a7fe6c7564a1b809c43e77dbfb8990d4c6e101c7a
1387,0.6030697101050178,1386,1,1333ebc38ca7f268732fc93a7fe6c7564a1b809c43e77dbfb8990d4c6e101c7a
1388,0.5966999408701668,1387,1,1333ebc38ca7f268732fc93a7fe6c7564a1b809c43e77dbfb8990d4c6e101c7a
1389,0.6579934646252923,1388,1,1333ebc38ca7f268732fc93a7fe6c7564a1b809c43e77dbfb8990d4c6e101c7a
1390,0.7070948400005257,1389,1,1333ebc38ca7f268732fc93a7fe6c7564a1b809c43e77dbfb8990d4c6e101c7a
1391,0.8292832271108637,1390,1,1333ebc38ca7f268732fc93a7fe6c7564a1b809c43e77dbfb8990d4c6e101c7a
1392,0.5792979371686142,1391,1,1333ebc38ca7f268732fc93a7fe6c7564a1b809c43e77dbfb8990d4c6e101c7a
1393,0.7697579458126711,1392,1,1333ebc38ca7f268732fc93a7fe6c7564a1b809c43e77dbfb8990d4c6e101c7a
1394,0.8418574817478657,1393,1,1333ebc38ca7f268732fc93a7fe6c7564a1b809c43e77dbfb8990d4c6e101c7a
1395,0.7357610586003887,1394,1,1333ebc38ca7f268732fc93a7fe6c7564a1b809c43e77dbfb8990d4c6e101c7a
1396,0.5697871963484795,1395,2,25b39510e125f724a98e6f65a527d489ac5cfece430ab9e6a946ffa36d2383b4
1397,0.7973633350338787,1396,2,25b39510e125f724a98e6f65a527d489ac5cfece430ab9e6a946ffa36d2383b4
1398,0.5457593077408092,1397,2,25b39510e125f724a98e6f65a527d489ac5cfece430ab9e6a946ffa36d2383b4
1399,0.4666838434382132,1398,2,25b39510e125f724a98e6f65a527d489ac5cfece430ab9e6a946ffa36d2383b4
1400,0.7696099439795034,1399,2,25b39510e125f724a98e6f65a527d489ac5cfece430ab9e6a946ffa36d2383b4
1401,0.6217226912449405,1400,2,25b39510e125f724a98e6f65a527d489ac5cfece430ab9e6a946ffa36d2383b4
1402,0.5747423661014182,1401,2,25b39510e125f724a98e6f65a527d489ac5cfece430ab9e6a946ffa36d2383b4
1403,0.6503217717147667,1402,2,25b39510e125f724a98e6f65a527d489ac5cfece430ab9e6a946ffa36d2383b4
1404,0.6796178084729334,1403,2,25b39510e125f724a98e6f65a527d489ac5cfece430ab9e6a946ffa36d2383b4
1405,0.4164393092214595,1404,2,25b39510e125f724a98e6f65a527d489ac5cfece430ab9e6a946ffa36d2383b4
1406,0.6121263123227683,1405,2,25b39510e125f724a98e6f65a527d489ac5cfece430ab9e6a946ffa36d2383b4
1407,0.562728419444511,1406,2,25b39510e125f724a98e6f65a527d489ac5cfece430ab9e6a946ffa36d2383b4
1408,0.6303120260126889,1407,2,25b39510e125f724a98e6f65a527d489ac5cfece430ab9e6a946ffa36d2383b4
1409,0.5668175880051227,1408,2,25b39510e125f724a98e6f65a527d489ac5cfece430ab9e6a946ffa36d2383b4
1410,0.5567253935296321,1409,2,25b39510e125f724a98e6f65a527d489ac5cfece430ab9e6a946ffa36d2383b4
1411,0.7674461125320988,1410,2,25b39510e125f724a98e6f65a527d489ac5cfece430ab9e6a946ffa36d2383b4
1412,0.5018967125199651,1411,2,25b39510e125f724a98e6f65a527d489ac5cfece430ab9e6a946ffa36d2383b4
1413,0.7974178835101213,1412,2,25b39510e125f724a98e6f65a527d489ac5cfece430ab9e6a946ffa36d2383b4
1414,0.5604654220510383,1413,2,25b39510e125f724a98e6f65a527d489ac5cfece430ab9e6a946ffa36d2383b4
1415,0.5718093021041568,1414,2,25b39510e125f724a98e6f65a527d489ac5cfece430ab9e6a946ffa36d2383b4
1416,0.6969206274179669,1415,2,25b39510e125f724a98e6f65a527d489ac5cfece430ab9e6a946ffa36d2383b4
1417,0.566379731841057,1416,2,25b39510e125f724a98e6f65a527d489ac5cfece430ab9e6a946ffa36d2383b4
1418,0.7163000943983207,1417,2,25b39510e125f724a98e6f65a527d489ac5cfece430ab9e6a946ffa36d2383b4
1419,0.7529932734505564,1418,2,25b39510e125f724a98e6f65a527d489ac5cfece430ab9e6a946ffa36d2383b4
1420,0.8279634931823239,1419,2,25b39510e125f724a98e6f65a527d489ac5cfece430ab9e6a946ffa36d2383b4
1421,0.742730475641082,1420,2,25b39510e125f724a98e6f65a527d489ac5cfece430ab9e6a946ffa36d2383b4
1422,0.7234098826065747,1421,2,25b39510e125f724a98e6f65a527d489ac5cfece430ab9e6a946ffa36d2383b4
1423,0.46720078385124,1422,2,25b39510e125f724a98e6f65a527d489ac5cfece430ab9e6a946ffa36d2383b4
1424,0.6242948190833539,1423,2,25b39510e125f724a98e6f65a527d489ac5cfece430ab9e6a946ffa36d2383b4
1425,0.8386166750109965,1424,2,25b39510e125f724a98e6f65a527d489ac5cfece430ab9e6a946ffa36d2383b4
1426,0.6975777083666186,1425,2,25b39510e125f724a98e6f65a527d489ac5cfece430ab9e6a946ffa36d2383b4
1427,0.8320813208993059,1426,2,25b39510e125f724a98e6f65a527d489ac5cfece430ab9e6a946ffa36d2383b4
1428,0.7695417288155113,1427,2,25b39510e125f724a98e6f65a527d489ac5cfece430ab9e6a946ffa36d2383b4
1429,0.7108161486738922,1428,2,25b39510e125f724a98e6f65a527d489ac5cfece430ab9e6a946ffa36d2383b4
1430,0.46311612442355,1429,2,25b39510e125f724a98e6f65a527d489ac5cfece430ab9e6a946ffa36d2383b4
1431,0.5882242410708045,1430,2,25b39510e125f724a98e6f65a527d489ac5cfece430ab9e6a946ffa36d2383b4
1432,0.447956664575031,1431,2,25b39510e125f724a98e6f65a527d489ac5cfece430ab9e6a946ffa36d2383b4
1433,0.7235459500598154,1432,2,25b39510e125f724a98e6f65a527d489ac5cfece430ab9e6a946ffa36d2383b4
1434,0.6622788577224128,1433,2,25b39510e125f724a98e6f65a527d489ac5cfece430ab9e6a946ffa36d2383b4
1435,0.8110575428632956,1434,2,25b39510e125f724a98e6f65a527d489ac5cfece430ab9e6a946ffa36d2383b4
1436,0.6297097658469142,1435,2,25b39510e125f724a98e6f65a527d489ac5cfece430ab9e6a946ffa36d2383b4
1437,0.6284452645820409,1436,2,25b39510e125f724a98e6f65a527d489ac5cfece430ab9e6a946ffa36d2383b4
1438,0.4966592502143925,1437,2,25b39510e125f724a98e6f65a527d489ac5cfece430ab9e6a946ffa36d2383b4
1439,0.7832675024232572,1438,2,25b39510e125f724a98e6f65a527d489ac5cfece430ab9e6a946ffa36d2383b4
1440,0.6707604652037844,1439,2,25b39510e125f724a98e6f65a527d489ac5cfece430ab9e6a946ffa36d2383b4
1441,0.7992979156479123,1440,2,25b39510e125f724a98e6f65a527d489ac5cfece430ab9e6a946ffa36d2383b4
1442,0.6783028010924568,1441,2,25b39510e125f724a98e6f65a527d489ac5cfece430ab9e6a946ffa36d2383b4
1443,0.5282688769566448,1442,2,25b39510e125f724a98e6f65a527d489ac5cfece430ab9e6a946ffa36d2383b4
1444,0.8822222210812924,1443,2,25b39510e125f724a98e6f65a527d489ac5cfece430ab9e6a946ffa36d2383b4
1445,0.782075605035061,1444,2,25b39510e125f724a98e6f65a527d489ac5cfece430ab9e6a946ffa36d2383b4
1446,0.458084231410794,1445,2,25b39510e125f724a98e6f65a527d489ac5cfece430ab9e6a946ffa36d2383b4
1447,0.5885546227015084,1446,2,25b39510e125f724a98e6f65a527d489ac5cfece430ab9e6a946ffa36d2383b4
1448,0.6334225981112018,1447,2,25b39510e125f724a98e6f65a527d489ac5cfece430ab9e6a946ffa36d2383b4
1449,0.630804607681057,1448,2,25b39510e125f724a98e6f65a527d489ac5cfece430ab9e6a946ffa36d2383b4
1450,0.9075443455949426,1449,2,25b39510e125f724a98e6f65a527d489ac5cfece430ab9e6a946ffa36d2383b4
1451,0.7591334442804509,1450,2,25b39510e125f724a98e6f65a527d489ac5cfece430ab9e6a946ffa36d2383b4
1452,0.8330944391782396,1451,2,25b39510e125f724a98e6f65a527d489ac5cfece430ab9e6a946ffa36d2383b4
1453,0.8972114428179339,1452,2,25b39510e125f724a98e6f65a527d489ac5cfece430ab9e6a946ffa36d2383b4
1454,0.4865243488384294,1453,2,25b39510e125f724a98e6f65a527d489ac5cfece430ab9e6a946ffa36d2383b4
1455,0.4659781996437379,1454,2,25b39510e125f724a98e6f65a527d489ac5cfece430ab9e6a946ffa36d2383b4
1456,0.8522325125522912,1455,2,25b39510e125f724a98e6f65a527d489ac5cfece430ab9e6a946ffa36d2383b4
1457,0.8086179213569267,1456,2,25b39510e125f724a98e6f65a527d489ac5cfece430ab9e6a946ffa36d2383b4
1458,0.7351080722406209,1457,2,25b39510e125f724a98e6f65a527d489ac5cfece430ab9e6a946ffa36d2383b4
1459,0.6625587815025273,1458,2,25b39510e125f724a98e6f65a527d489ac5cfece430ab9e6a946ffa36d2383b4
1460,0.7510474560050397,1459,2,25b39510e125f724a98e6f65a527d489ac5cfece430ab9e6a946ffa36d2383b4
1461,0.7022992351849098,1460,2,25b39510e125f724a98e6f65a527d489ac5cfece430ab9e6a946ffa36d2383b4
1462,0.7086000816198066,1461,2,25b39510e125f724a98e6f65a527d489ac5cfece430ab9e6a946ffa36d2383b4
1463,0.6444665640919993,1462,2,25b39510e125f724a98e6f65a527d489ac5cfece430ab9e6a946ffa36d2383b4
1464,0.6065245970396518,1463,2,25b39510e125f724a98e6f65a527d489ac5cfece430ab9e6a946ffa36d2383b4
1465,0.4931072073622281,1464,2,25b39510e125f724a98e6f65a527d489ac5cfece430ab9e6a946ffa36d2383b4
1466,0.5627910913734944,1465,2,25b39510e125f724a98e6f65a527d489ac5cfece430ab9e6a946ffa36d2383b4
1467,0.7356419535826717,1466,2,25b39510e125f724a98e6f65a527d489ac5cfece430ab9e6a946ffa36d2383b4
1468,0.5812270120139102,1467,2,25b39510e125f724a98e6f65a527d489ac5cfece430ab9e6a946ffa36d2383b4
1469,0.6114565313146159,1468,2,25b39510e125f724a98e6f65a527d489ac5cfece430ab9e6a946ffa36d2383b4
1470,0.5038538644702101,1469,2,25b39510e125f724a98e6f65a527d489ac5cfece430ab9e6a946ffa36d2383b4
1471,0.6897485080152848,1470,2,25b39510e125f724a98e6f65a527d489ac5cfece430ab9e6a946ffa36d2383b4
1472,0.5448912333577027,1471,2,25b39510e125f724a98e6f65a527d489ac5cfece430ab9e6a946ffa36d2383b4
1473,0.4217178747116978,1472,2,25b39510e125f724a98e6f65a527d489ac5cfece430ab9e6a946ffa36d2383b4
1474,0.8745590540383716,1473,2,25b39510e125f724a98e6f65a527d489ac5cfece430ab9e6a946ffa36d2383b4
1475,0.7153264953650762,1474,2,25b39510e125f724a98e6f65a527d489ac5cfece430ab9e6a946ffa36d2383b4
1476,0.601352760368957,1475,2,25b39510e125f724a98e6f65a527d489ac5cfece430ab9e6a946ffa36d2383b4
1477,0.6613600636778756,1476,2,25b39510e125f724a98e6f65a527d489ac5cfece430ab9e6a946ffa36d2383b4
1478,0.6300481916341596,1477,2,25b39510e125f724a98e6f65a527d489ac5cfece430ab9e6a946ffa36d2383b4
1479,0.8001581252727759,1478,2,25b39510e125f724a98e6f65a527d489ac5cfece430ab9e6a946ffa36d2383b4
1480,0.4594693079974092,1479,2,25b39510e125f724a98e6f65a527d489ac5cfece430ab9e6a946ffa36d2383b4
1481,0.7535495508345775,1480,2,25b39510e125f724a98e6f65a527d489ac5cfece430ab9e6a946ffa36d2383b4
1482,0.542707515428674,1481,2,25b39510e125f724a98e6f65a527d489ac5cfece430ab9e6a946ffa36d2383b4
1483,0.7792082741261765,1482,2,25b39510e125f724a98e6f65a527d489ac5cfece430ab9e6a946ffa36d2383b4
1484,0.7120848834817344,1483,2,25b39510e125f724a98e6f65a527d489ac5cfece430ab9e6a946ffa36d2383b4
1485,0.6130459279061089,1484,2,25b39510e125f724a98e6f65a527d489ac5cfece430ab9e6a946ffa36d2383b4
1486,0.5889779827555266,1485,2,25b39510e125f724a98e6f65a527d489ac5cfece430ab9e6a946ffa36d2383b4
1487,0.5225023422244703,1486,2,25b39510e125f724a98e6f65a527d489ac5cfece430ab9e6a946ffa36d2383b4
1488,0.6983228718863472,1487,2,25b39510e125f724a98e6f65a527d489ac5cfece430ab9e6a946ffa36d2383b4
1489,0.7314638293879341,1488,2,25b39510e125f724a98e6f65a527d489ac5cfece430ab9e6a946ffa36d2383b4
1490,0.7217971081663563,1489,2,25b39510e125f724a98e6f65a527d489ac5cfece430ab9e6a946ffa36d2383b4
1491,0.600302732225777,1490,2,25b39510e125f724a98e6f65a527d489ac5cfece430ab9e6a946ffa36d2383b4
1492,0.559068777714856,1491,2,25b39510e125f724a98e6f65a527d489ac5cfece430ab9e6a946ffa36d2383b4
1493,0.7959991785025053,1492,2,25b39510e125f724a98e6f65a527d489ac5cfece430ab9e6a946ffa36d2383b4
1494,0.3637928616583318,1493,2,25b39510e125f724a98e6f65a527d489ac5cfece430ab9e6a946ffa36d2383b4
1495,0.7650600969209336,1494,2,25b39510e125f724a98e6f65a527d489ac5cfece430ab9e6a946ffa36d2383b4
1496,0.7256976754906646,1495,2,25b39510e125f724a98e6f65a527d489ac5cfece430ab9e6a946ffa36d2383b4
1497,0.7270909062619655,1496,2,25b39510e125f724a98e6f65a527d489ac5cfece430ab9e6a946ffa36d2383b4
1498,0.5971634218099098,1497,2,25b39510e125f724a98e6f65a527d489ac5cfece430ab9e6a946ffa36d2383b4
1499,0.5534631404691908,1498,2,25b39510e125f724a98e6f65a527d489ac5cfece430ab9e6a946ffa36d2383b4
1500,0.6501553991772073,1499,2,25b39510e125f724a98e6f65a527d489ac5cfece430ab9e6a946ffa36d2383b4
1501,0.7359555203875061,1500,2,25b39510e125f724a98e6f65a527d489ac5cfece430ab9e6a946ffa36d2383b4
1502,0.684625886774139,1501,2,25b39510e125f724a98e6f65a527d489ac5cfece430ab9e6a946ffa36d2383b4
1503,0.766667423027684,1502,2,25b39510e125f724a98e6f65a527d489ac5cfece430ab9e6a946ffa36d2383b4
1504,0.7534307345756037,1503,2,25b39510e125f724a98e6f65a527d489ac5cfece430ab9e6a946ffa36d2383b4
1505,0.8453116128021065,1504,2,25b39510e125f724a98e6f65a527d489ac5cfece430ab9e6a946ffa36d2383b4
1506,0.830891964957118,1505,2,25b39510e125f724a98e6f65a527d489ac5cfece430ab9e6a946ffa36d2383b4
1507,0.5903960456576485,1506,2,25b39510e125f724a98e6f65a527d489ac5cfece430ab9e6a946ffa36d2383b4
1508,0.4862664289301089,1507,2,25b39510e125f724a98e6f65a527d489ac5cfece430ab9e6a946ffa36d2383b4
1509,0.4891830291289807,1508,2,25b39510e125f724a98e6f65a527d489ac5cfece430ab9e6a946ffa36d2383b4
1510,0.8403250168339582,1509,2,25b39510e125f724a98e6f65a527d489ac5cfece430ab9e6a946ffa36d2383b4
1511,0.725197163206758,1510,2,25b39510e125f724a98e6f65a527d489ac5cfece430ab9e6a946ffa36d2383b4
1512,0.658881157705764,1511,2,25b39510e125f724a98e6f65a527d489ac5cfece430ab9e6a946ffa36d2383b4
1513,0.936528029385954,1512,2,25b39510e125f724a98e6f65a527d489ac5cfece430ab9e6a946ffa36d2383b4
1514,0.8611831991001964,1513,2,25b39510e125f724a98e6f65a527d489ac5cfece430ab9e6a946ffa36d2383b4
1515,0.56811401532849,1514,2,25b39510e125f724a98e6f65a527d489ac5cfece430ab9e6a946ffa36d2383b4
1516,0.7954171499131917,1515,2,25b39510e125f724a98e6f65a527d489ac5cfece430ab9e6a946ffa36d2383b4
1517,0.7462229479551752,1516,2,25b39510e125f724a98e6f65a527d489ac5cfece430ab9e6a946ffa36d2383b4
1518,0.6931640694037924,1517,2,25b39510e125f724a98e6f65a527d489ac5cfece430ab9e6a946ffa36d2383b4
1519,0.8444058610063934,1518,2,25b39510e125f724a98e6f65a527d489ac5cfece430ab9e6a946ffa36d2383b4
1520,0.7108203780062468,1519,2,25b39510e125f724a98e6f65a527d489ac5cfece430ab9e6a946ffa36d2383b4
1521,0.7842312942957506,1520,2,25b39510e125f724a98e6f65a527d489ac5cfece430ab9e6a946ffa36d2383b4
1522,0.7776242184518196,1521,2,25b39510e125f724a98e6f65a527d489ac5cfece430ab9e6a946ffa36d2383b4
1523,0.7181722789537162,1522,2,25b39510e125f724a98e6f65a527d489ac5cfece430ab9e6a946ffa36d2383b4
1524,0.8542918728198856,1523,2,25b39510e125f724a98e6f65a527d489ac5cfece430ab9e6a946ffa36d2383b4
1525,0.7079928667496418,1524,2,25b39510e125f724a98e6f65a527d489ac5cfece430ab9e6a946ffa36d2383b4
1526,0.7729402007971657,1525,2,25b39510e125f724a98e6f65a527d489ac5cfece430ab9e6a946ffa36d2383b4
1527,0.6290176188088026,1526,2,25b39510e125f724a98e6f65a527d489ac5cfece430ab9e6a946ffa36d2383b4
1528,0.5676884487720599,1527,2,25b39510e125f724a98e6f65a527d489ac5cfece430ab9e6a946ffa36d2383b4
1529,0.5798349758938457,1528,2,25b39510e125f724a98e6f65a527d489ac5cfece430ab9e6a946ffa36d2383b4
1530,0.7634623826983358,1529,2,25b39510e125f724a98e6f65a527d489ac5cfece430ab9e6a946ffa36d2383b4
1531,0.706334630776837,1530,2,25b39510e125f724a98e6f65a527d489ac5cfece430ab9e6a946ffa36d2383b4
1532,0.6939065193791976,1531,2,25b39510e125f724a98e6f65a527d489ac5cfece430ab9e6a946ffa36d2383b4
1533,0.7542716123807622,1532,2,25b39510e125f724a98e6f65a527d489ac5cfece430ab9e6a946ffa36d2383b4
1534,0.7711170969414525,1533,2,25b39510e125f724a98e6f65a527d489ac5cfece430ab9e6a946ffa36d2383b4
1535,0.7126288883652204,1534,2,25b39510e125f724a98e6f65a527d489ac5cfece430ab9e6a946ffa36d2383b4
1536,0.6697147681615334,1535,2,25b39510e125f724a98e6f65a527d489ac5cfece430ab9e6a946ffa36d2383b4
1537,0.6640147396614005,1536,2,25b39510e125f724a98e6f65a527d489ac5cfece430ab9e6a946ffa36d2383b4
1538,0.5296692819265583,1537,2,25b39510e125f724a98e6f65a527d489ac5cfece430ab9e6a946ffa36d2383b4
1539,0.7475607289816253,1538,2,25b39510e125f724a98e6f65a527d489ac5cfece430ab9e6a946ffa36d2383b4
1540,0.8656912416336127,1539,2,25b39510e125f724a98e6f65a527d489ac5cfece430ab9e6a946ffa36d2383b4
1541,0.8829169084783643,1540,2,25b39510e125f724a98e6f65a527d489ac5cfece430ab9e6a946ffa36d2383b4
1542,0.7109937567353626,1541,2,25b39510e125f724a98e6f65a527d489ac5cfece430ab9e6a946ffa36d2383b4
1543,0.7575070513121318,1542,2,25b39510e125f724a98e6f65a527d489ac5cfece430ab9e6a946ffa36d2383b4
1544,0.6652933269106143,1543,2,25b39510e125f724a98e6f65a527d489ac5cfece430ab9e6a946ffa36d2383b4
1545,0.728664096819835,1544,2,25b39510e125f724a98e6f65a527d489ac5cfece430ab9e6a946ffa36d2383b4
1546,0.7263704511606193,1545,2,25b39510e125f724a98e6f65a527d489ac5cfece430ab9e6a946ffa36d2383b4
1547,0.7162455332485749,1546,2,25b39510e125f724a98e6f65a527d489ac5cfece430ab9e6a946ffa36d2383b4
1548,0.8671482978315908,1547,2,25b39510e125f724a98e6f65a527d489ac5cfece430ab9e6a946ffa36d2383b4
1549,0.5193184282026604,1548,2,25b39510e125f724a98e6f65a527d489ac5cfece430ab9e6a946ffa36d2383b4
1550,0.6316545768368087,1549,2,25b39510e125f724a98e6f65a527d489ac5cfece430ab9e6a946ffa36d2383b4
1551,0.8596832181915488,1550,2,25b39510e125f724a98e6f65a527d489ac5cfece430ab9e6a946ffa36d2383b4
1552,0.5337115141363157,1551,2,25b39510e125f724a98e6f65a527d489ac5cfece430ab9e6a946ffa36d2383b4
1553,0.5787946860794762,1552,2,25b39510e125f724a98e6f65a527d489ac5cfece430ab9e6a946ffa36d2383b4
1554,0.802003774791956,1553,2,25b39510e125f724a98e6f65a527d489ac5cfece430ab9e6a946ffa36d2383b4
1555,0.8409499674744438,1554,2,25b39510e125f724a98e6f65a527d489ac5cfece430ab9e6a946ffa36d2383b4
1556,0.6637292372876118,1555,2,25b39510e125f724a98e6f65a527d489ac5cfece430ab9e6a946ffa36d2383b4
1557,0.6373529688426061,1556,2,25b39510e125f724a98e6f65a527d489ac5cfece430ab9e6a946ffa36d2383b4
1558,0.6630481251049787,1557,2,25b39510e125f724a98e6f65a527d489ac5cfece430ab9e6a946ffa36d2383b4
1559,0.8125165475453286,1558,2,25b39510e125f724a98e6f65a527d489ac5cfece430ab9e6a946ffa36d2383b4
1560,0.6412555326696747,1559,2,25b39510e125f724a98e6f65a527d489ac5cfece430ab9e6a946ffa36d2383b4
1561,0.6593100601659359,1560,2,25b39510e125f724a98e6f65a527d489ac5cfece430ab9e6a946ffa36d2383b4
1562,0.4751807388201361,1561,2,25b39510e125f724a98e6f65a527d489ac5cfece430ab9e6a946ffa36d2383b4
1563,0.4648881130664186,1562,2,25b39510e125f724a98e6f65a527d489ac5cfece430ab9e6a946ffa36d2383b4
1564,0.6098274105697783,1563,2,25b39510e125f724a98e6f65a527d489ac5cfece430ab9e6a946ffa36d2383b4
1565,0.6450763166110391,1564,2,25b39510e125f724a98e6f65a527d489ac5cfece430ab9e6a946ffa36d2383b4
1566,0.7327503261403763,1565,2,25b39510e125f724a98e6f65a527d489ac5cfece430ab9e6a946ffa36d2383b4
1567,0.4348011657398274,1566,2,25b39510e125f724a98e6f65a527d489ac5cfece430ab9e6a946ffa36d2383b4
1568,0.5390672442160849,1567,2,25b39510e125f724a98e6f65a527d489ac5cfece430ab9e6a946ffa36d2383b4
1569,0.7051472042512614,1568,2,25b39510e125f724a98e6f65a527d489ac5cfece430ab9e6a946ffa36d2383b4
1570,0.4232300729251648,1569,2,25b39510e125f724a98e6f65a527d489ac5cfece430ab9e6a946ffa36d2383b4
1571,0.7003025395060831,1570,2,25b39510e125f724a98e6f65a527d489ac5cfece430ab9e6a946ffa36d2383b4
1572,0.3951660358695045,1571,2,25b39510e125f724a98e6f65a527d489ac5cfece430ab9e6a946ffa36d2383b4
1573,0.6542748140054755,1572,2,25b39510e125f724a98e6f65a527d489ac5cfece430ab9e6a946ffa36d2383b4
1574,0.763976231538436,1573,2,25b39510e125f724a98e6f65a527d489ac5cfece430ab9e6a946ffa36d2383b4
1575,0.733026568130299,1574,2,25b39510e125f724a98e6f65a527d489ac5cfece430ab9e6a946ffa36d2383b4
1576,0.5837864298955537,1575,2,25b39510e125f724a98e6f65a527d489ac5cfece430ab9e6a946ffa36d2383b4
1577,0.8248579669270839,1576,2,25b39510e125f724a98e6f65a527d489ac5cfece430ab9e6a946ffa36d2383b4
1578,0.4975284665997606,1577,2,25b39510e125f724a98e6f65a527d489ac5cfece430ab9e6a946ffa36d2383b4
1579,0.7682694771065144,1578,2,25b39510e125f724a98e6f65a527d489ac5cfece430ab9e6a946ffa36d2383b4
1580,0.8008066794907336,1579,2,25b39510e125f724a98e6f65a527d489ac5cfece430ab9e6a946ffa36d2383b4
1581,0.5916506058895266,1580,2,25b39510e125f724a98e6f65a527d489ac5cfece430ab9e6a946ffa36d2383b4
1582,0.6220744491495916,1581,2,25b39510e125f724a98e6f65a527d489ac5cfece430ab9e6a946ffa36d2383b4
1583,0.6609770425293391,1582,2,25b39510e125f724a98e6f65a527d489ac5cfece430ab9e6a946ffa36d2383b4
1584,0.7209444151485513,1583,2,25b39510e125f724a98e6f65a527d489ac5cfece430ab9e6a946ffa36d2383b4
1585,0.6515295750831456,1584,2,25b39510e125f724a98e6f65a527d489ac5cfece430ab9e6a946ffa36d2383b4
1586,0.6269318410131746,1585,2,25b39510e125f724a98e6f65a527d489ac5cfece430ab9e6a946ffa36d2383b4
1587,0.5007060954163008,1586,2,25b39510e125f724a98e6f65a527d489ac5cfece430ab9e6a946ffa36d2383b4
1588,0.691720808229964,1587,2,25b39510e125f724a98e6f65a527d489ac5cfece430ab9e6a946ffa36d2383b4
1589,0.6861461475782562,1588,2,25b39510e125f724a98e6f65a527d489ac5cfece430ab9e6a946ffa36d2383b4
1590,0.4795349854899243,1589,2,25b39510e125f724a98e6f65a527d489ac5cfece430ab9e6a946ffa36d2383b4
1591,0.6294110411859037,1590,2,25b39510e125f724a98e6f65a527d489ac5cfece430ab9e6a946ffa36d2383b4
1592,0.8727558874234091,1591,2,25b39510e125f724a98e6f65a527d489ac5cfece430ab9e6a946ffa36d2383b4
1593,0.6507151859786973,1592,2,25b39510e125f724a98e6f65a527d489ac5cfece430ab9e6a946ffa36d2383b4
1594,0.5635023429580315,1593,2,25b39510e125f724a98e6f65a527d489ac5cfece430ab9e6a946ffa36d2383b4
1595,0.661389431649468,1594,2,25b39510e125f724a98e6f65a527d489ac5cfece430ab9e6a946ffa36d2383b4
1596,0.8662763482243463,1595,2,25b39510e125f724a98e6f65a527d489ac5cfece430ab9e6a946ffa36d2383b4
1597,0.6861389639958754,1596,2,25b39510e125f724a98e6f65a527d489ac5cfece430ab9e6a946ffa36d2383b4
1598,0.7427502606078633,1597,2,25b39510e125f724a98e6f65a527d489ac5cfece430ab9e6a946ffa36d2383b4
1599,0.7564879702404141,1598,2,25b39510e125f724a98e6f65a527d489ac5cfece430ab9e6a946ffa36d2383b4
1600,0.6443497245199978,1599,2,25b39510e125f724a98e6f65a527d489ac5cfece430ab9e6a946ffa36d2383b4
1601,0.5229523122207169,1600,2,25b39510e125f724a98e6f65a527d489ac5cfece430ab9e6a946ffa36d2383b4
1602,0.7703331588049878,1601,2,25b39510e125f724a98e6f65a527d489ac5cfece430ab9e6a946ffa36d2383b4
1603,0.5648614241708856,1602,2,25b39510e125f724a98e6f65a527d489ac5cfece430ab9e6a946ffa36d2383b4
1604,0.6956446354287316,1603,2,25b39510e125f724a98e6f65a527d489ac5cfece430ab9e6a946ffa36d2383b4
1605,0.6288051377798851,1604,2,25b39510e125f724a98e6f65a527d489ac5cfece430ab9e6a946ffa36d2383b4
1606,0.6056815557304844,1605,2,25b39510e125f724a98e6f65a527d489ac5cfece430ab9e6a946ffa36d2383b4
1607,0.8002116074931109,1606,2,25b39510e125f724a98e6f65a527d489ac5cfece430ab9e6a946ffa36d2383b4
1608,0.6973214340412781,1607,2,25b39510e125f724a98e6f65a527d489ac5cfece430ab9e6a946ffa36d2383b4
1609,0.6574320691427156,1608,2,25b39510e125f724a98e6f65a527d489ac5cfece430ab9e6a946ffa36d2383b4
1610,0.6687726787207566,1609,2,25b39510e125f724a98e6f65a527d489ac5cfece430ab9e6a946ffa36d2383b4
1611,0.5729503444181319,1610,2,25b39510e125f724a98e6f65a527d489ac5cfece430ab9e6a946ffa36d2383b4
1612,0.473400008241704,1611,2,25b39510e125f724a98e6f65a527d489ac5cfece430ab9e6a946ffa36d2383b4
1613,0.8830317782703787,1612,2,25b39510e125f724a98e6f65a527d489ac5cfece430ab9e6a946ffa36d2383b4
1614,0.4867574739860068,1613,2,25b39510e125f724a98e6f65a527d489ac5cfece430ab9e6a946ffa36d2383b4
1615,0.4841170249636272,1614,2,25b39510e125f724a98e6f65a527d489ac5cfece430ab9e6a946ffa36d2383b4
1616,0.7400174697977491,1615,2,25b39510e125f724a98e6f65a527d489ac5cfece430ab9e6a946ffa36d2383b4
1617,0.6971367226942675,1616,2,25b39510e125f724a98e6f65a527d489ac5cfece430ab9e6a946ffa36d2383b4
1618,0.7969654884764168,1617,2,25b39510e125f724a98e6f65a527d489ac5cfece430ab9e6a946ffa36d2383b4
1619,0.6993227022885549,1618,2,25b39510e125f724a98e6f65a527d489ac5cfece430ab9e6a946ffa36d2383b4
1620,0.5649104038335118,1619,2,25b39510e125f724a98e6f65a527d489ac5cfece430ab9e6a946ffa36d2383b4
1621,0.7767009890067129,1620,2,25b39510e125f724a98e6f65a527d489ac5cfece430ab9e6a946ffa36d2383b4
1622,0.8067077826708555,1621,2,25b39510e125f724a98e6f65a527d489ac5cfece430ab9e6a946ffa36d2383b4
1623,0.6485014407393237,1622,2,25b39510e125f724a98e6f65a527d489ac5cfece430ab9e6a946ffa36d2383b4
1624,0.6914713082298931,1623,2,25b39510e125f724a98e6f65a527d489ac5cfece430ab9e6a946ffa36d2383b4
1625,0.5390686497094066,1624,2,25b39510e125f724a98e6f65a527d489ac5cfece430ab9e6a946ffa36d2383b4
1626,0.8023850947138271,1625,2,25b39510e125f724a98e6f65a527d489ac5cfece430ab9e6a946ffa36d2383b4
1627,0.5757653444682092,1626,2,25b39510e125f724a98e6f65a527d489ac5cfece430ab9e6a946ffa36d2383b4
1628,0.6680737766321272,1627,2,25b39510e125f724a98e6f65a527d489ac5cfece430ab9e6a946ffa36d2383b4
1629,0.7638370858113461,1628,2,25b39510e125f724a98e6f65a527d489ac5cfece430ab9e6a946ffa36d2383b4
1630,0.8055681387636184,1629,2,25b39510e125f724a98e6f65a527d489ac5cfece430ab9e6a946ffa36d2383b4
1631,0.7002173874675464,1630,2,25b39510e125f724a98e6f65a527d489ac5cfece430ab9e6a946ffa36d2383b4
1632,0.7589291962503921,1631,2,25b39510e125f724a98e6f65a527d489ac5cfece430ab9e6a946ffa36d2383b4
1633,0.8298598751383679,1632,2,25b39510e125f724a98e6f65a527d489ac5cfece430ab9e6a946ffa36d2383b4
1634,0.7731156155350618,1633,2,25b39510e125f724a98e6f65a527d489ac5cfece430ab9e6a946ffa36d2383b4
1635,0.8114648952032439,1634,2,25b39510e125f724a98e6f65a527d489ac5cfece430ab9e6a946ffa36d2383b4
1636,0.6611193588600417,1635,2,25b39510e125f724a98e6f65a527d489ac5cfece430ab9e6a946ffa36d2383b4
1637,0.6580072368960828,1636,2,25b39510e125f724a98e6f65a527d489ac5cfece430ab9e6a946ffa36d2383b4
1638,0.6616003172207456,1637,2,25b39510e125f724a98e6f65a527d489ac5cfece430ab9e6a946ffa36d2383b4
1639,0.7284123996141716,1638,2,25b39510e125f724a98e6f65a527d489ac5cfece430ab9e6a946ffa36d2383b4
1640,0.7956656611874576,1639,2,25b39510e125f724a98e6f65a527d489ac5cfece430ab9e6a946ffa36d2383b4
1641,0.6211523566526012,1640,2,25b39510e125f724a98e6f65a527d489ac5cfece430ab9e6a946ffa36d2383b4
1642,0.8196379226064892,1641,2,25b39510e125f724a98e6f65a527d489ac5cfece430ab9e6a946ffa36d2383b4
1643,0.6698574152469519,1642,2,25b39510e125f724a98e6f65a527d489ac5cfece430ab9e6a946ffa36d2383b4
1644,0.8144544476526789,1643,2,25b39510e125f724a98e6f65a527d489ac5cfece430ab9e6a946ffa36d2383b4
1645,0.5553147233716728,1644,2,25b39510e125f724a98e6f65a527d489ac5cfece430ab9e6a946ffa36d2383b4
1646,0.8457124915285021,1645,2,25b39510e125f724a98e6f65a527d489ac5cfece430ab9e6a946ffa36d2383b4
1647,0.7003661252154338,1646,2,25b39510e125f724a98e6f65a527d489ac5cfece430ab9e6a946ffa36d2383b4
1648,0.7630198379047215,1647,2,25b39510e125f724a98e6f65a527d489ac5cfece430ab9e6a946ffa36d2383b4
1649,0.6058258011308908,1648,2,25b39510e125f724a98e6f65a527d489ac5cfece430ab9e6a946ffa36d2383b4
1650,0.4435551978279557,1649,2,25b39510e125f724a98e6f65a527d489ac5cfece430ab9e6a946ffa36d2383b4
1651,0.762159622479885,1650,2,25b39510e125f724a98e6f65a527d489ac5cfece430ab9e6a946ffa36d2383b4
1652,0.4825501178211198,1651,2,25b39510e125f724a98e6f65a527d489ac5cfece430ab9e6a946ffa36d2383b4
1653,0.6539286005216194,1652,2,25b39510e125f724a98e6f65a527d489ac5cfece430ab9e6a946ffa36d2383b4
1654,0.74820637513767,1653,2,25b39510e125f724a98e6f65a527d489ac5cfece430ab9e6a946ffa36d2383b4
1655,0.5281333364503418,1654,2,25b39510e125f724a98e6f65a527d489ac5cfece430ab9e6a946ffa36d2383b4
1656,0.5195691194709013,1655,2,25b39510e125f724a98e6f65a527d489ac5cfece430ab9e6a946ffa36d2383b4
1657,0.6376714086862165,1656,2,25b39510e125f724a98e6f65a527d489ac5cfece430ab9e6a946ffa36d2383b4
1658,0.7319396191742271,1657,2,25b39510e125f724a98e6f65a527d489ac5cfece430ab9e6a946ffa36d2383b4
1659,0.7639602097845521,1658,2,25b39510e125f724a98e6f65a527d489ac5cfece430ab9e6a946ffa36d2383b4
1660,0.799168042925885,1659,2,25b39510e125f724a98e6f65a527d489ac5cfece430ab9e6a946ffa36d2383b4
1661,0.3904333242884448,1660,2,25b39510e125f724a98e6f65a527d489ac5cfece430ab9e6a946ffa36d2383b4
1662,0.667849010482314,1661,2,25b39510e125f724a98e6f65a527d489ac5cfece430ab9e6a946ffa36d2383b4
1663,0.6129004556148043,1662,2,25b39510e125f724a98e6f65a527d489ac5cfece430ab9e6a946ffa36d2383b4
1664,0.7937125008902512,1663,2,25b39510e125f724a98e6f65a527d489ac5cfece430ab9e6a946ffa36d2383b4
1665,0.5618898481961878,1664,2,25b39510e125f724a98e6f65a527d489ac5cfece430ab9e6a946ffa36d2383b4
1666,0.681001954919056,1665,2,25b39510e125f724a98e6f65a527d489ac5cfece430ab9e6a946ffa36d2383b4
1667,0.7040478543710105,1666,2,25b39510e125f724a98e6f65a527d489ac5cfece430ab9e6a946ffa36d2383b4
1668,0.7726350816515648,1667,2,25b39510e125f724a98e6f65a527d489ac5cfece430ab9e6a946ffa36d2383b4
1669,0.7355967565877108,1668,2,25b39510e125f724a98e6f65a527d489ac5cfece430ab9e6a946ffa36d2383b4
1670,0.7875097436080978,1669,2,25b39510e125f724a98e6f65a527d489ac5cfece430ab9e6a946ffa36d2383b4
1671,0.5834725074613161,1670,2,25b39510e125f724a98e6f65a527d489ac5cfece430ab9e6a946ffa36d2383b4
1672,0.4704963525771573,1671,2,25b39510e125f724a98e6f65a527d489ac5cfece430ab9e6a946ffa36d2383b4
1673,0.7768558259613485,1672,2,25b39510e125f724a98e6f65a527d489ac5cfece430ab9e6a946ffa36d2383b4
1674,0.734456593872892,1673,2,25b39510e125f724a98e6f65a527d489ac5cfece430ab9e6a946ffa36d2383b4
1675,0.4325753289349046,1674,2,25b39510e125f724a98e6f65a527d489ac5cfece430ab9e6a946ffa36d2383b4
1676,0.8088525283092167,1675,2,25b39510e125f724a98e6f65a527d489ac5cfece430ab9e6a946ffa36d2383b4
1677,0.6857193378309443,1676,2,25b39510e125f724a98e6f65a527d489ac5cfece430ab9e6a946ffa36d2383b4
1678,0.705349038850386,1677,2,25b39510e125f724a98e6f65a527d489ac5cfece430ab9e6a946ffa36d2383b4
1679,0.7641020350565668,1678,2,25b39510e125f724a98e6f65a527d489ac5cfece430ab9e6a946ffa36d2383b4
1680,0.773510621060268,1679,2,25b39510e125f724a98e6f65a527d489ac5cfece430ab9e6a946ffa36d2383b4
1681,0.6188866908911376,1680,2,25b39510e125f724a98e6f65a527d489ac5cfece430ab9e6a946ffa36d2383b4
1682,0.7200518857756277,1681,2,25b39510e125f724a98e6f65a527d489ac5cfece430ab9e6a946ffa36d2383b4
1683,0.6812089798710357,1682,2,25b39510e125f724a98e6f65a527d489ac5cfece430ab9e6a946ffa36d2383b4
1684,0.8459233096509706,1683,2,25b39510e125f724a98e6f65a527d489ac5cfece430ab9e6a946ffa36d2383b4
1685,0.5318294889056627,1684,2,25b39510e125f724a98e6f65a527d489ac5cfece430ab9e6a946ffa36d2383b4
1686,0.7423826403589828,1685,2,25b39510e125f724a98e6f65a527d489ac5cfece430ab9e6a946ffa36d2383b4
1687,0.6273962846138552,1686,2,25b39510e125f724a98e6f65a527d489ac5cfece430ab9e6a946ffa36d2383b4
1688,0.6319180578585133,1687,2,25b39510e125f724a98e6f65a527d489ac5cfece430ab9e6a946ffa36d2383b4
1689,0.4390352161627788,1688,2,25b39510e125f724a98e6f65a527d489ac5cfece430ab9e6a946ffa36d2383b4
1690,0.6440812434467631,1689,2,25b39510e125f724a98e6f65a527d489ac5cfece430ab9e6a946ffa36d2383b4
1691,0.8422639239715863,1690,2,25b39510e125f724a98e6f65a527d489ac5cfece430ab9e6a946ffa36d2383b4
1692,0.5628628207305155,1691,2,25b39510e125f724a98e6f65a527d489ac5cfece430ab9e6a946ffa36d2383b4
1693,0.8033677114843116,1692,2,25b39510e125f724a98e6f65a527d489ac5cfece430ab9e6a946ffa36d2383b4
1694,0.8561535601038486,1693,2,25b39510e125f724a98e6f65a527d489ac5cfece430ab9e6a946ffa36d2383b4
1695,0.7074959269070291,1694,2,25b39510e125f724a98e6f65a527d489ac5cfece430ab9e6a946ffa36d2383b4
1696,0.6583264267262621,1695,2,25b39510e125f724a98e6f65a527d489ac5cfece430ab9e6a946ffa36d2383b4
1697,0.7181947759859213,1696,2,25b39510e125f724a98e6f65a527d489ac5cfece430ab9e6a946ffa36d2383b4
1698,0.6644847799247131,1697,2,25b39510e125f724a98e6f65a527d489ac5cfece430ab9e6a946ffa36d2383b4
1699,0.5632217441398097,1698,2,25b39510e125f724a98e6f65a527d489ac5cfece430ab9e6a946ffa36d2383b4
1700,0.6891453386057638,1699,2,25b39510e125f724a98e6f65a527d489ac5cfece430ab9e6a946ffa36d2383b4
1701,0.8526769335148856,1700,2,25b39510e125f724a98e6f65a527d489ac5cfece430ab9e6a946ffa36d2383b4
1702,0.6346661162580673,1701,2,25b39510e125f724a98e6f65a527d489ac5cfece430ab9e6a946ffa36d2383b4
1703,0.7819812368941103,1702,2,25b39510e125f724a98e6f65a527d489ac5cfece430ab9e6a946ffa36d2383b4
1704,0.5738889054628089,1703,2,25b39510e125f724a98e6f65a527d489ac5cfece430ab9e6a946ffa36d2383b4
1705,0.6598185837878214,1704,2,25b39510e125f724a98e6f65a527d489ac5cfece430ab9e6a946ffa36d2383b4
1706,0.6894529697165694,1705,2,25b39510e125f724a98e6f65a527d489ac5cfece430ab9e6a946ffa36d2383b4
1707,0.666104498694267,1706,2,25b39510e125f724a98e6f65a527d489ac5cfece430ab9e6a946ffa36d2383b4
1708,0.6444265598374841,1707,2,25b39510e125f724a98e6f65a527d489ac5cfece430ab9e6a946ffa36d2383b4
1709,0.7351107861569233,1708,2,25b39510e125f724a98e6f65a527d489ac5cfece430ab9e6a946ffa36d2383b4
1710,0.748732194281871,1709,2,25b39510e125f724a98e6f65a527d489ac5cfece430ab9e6a946ffa36d2383b4
1711,0.7370596593345908,1710,2,25b39510e125f724a98e6f65a527d489ac5cfece430ab9e6a946ffa36d2383b4
1712,0.8599885093432533,1711,2,25b39510e125f724a98e6f65a527d489ac5cfece430ab9e6a946ffa36d2383b4
1713,0.6904413905602951,1712,2,25b39510e125f724a98e6f65a527d489ac5cfece430ab9e6a946ffa36d2383b4
1714,0.7020298476414057,1713,2,25b39510e125f724a98e6f65a527d489ac5cfece430ab9e6a946ffa36d2383b4
1715,0.7354974497538933,1714,2,25b39510e125f724a98e6f65a527d489ac5cfece430ab9e6a946ffa36d2383b4
1716,0.900115656259004,1715,2,25b39510e125f724a98e6f65a527d489ac5cfece430ab9e6a946ffa36d2383b4
1717,0.753451442713903,1716,2,25b39510e125f724a98e6f65a527d489ac5cfece430ab9e6a946ffa36d2383b4
1718,0.8507047712628264,1717,2,25b39510e125f724a98e6f65a527d489ac5cfece430ab9e6a946ffa36d2383b4
1719,0.802964139133195,1718,2,25b39510e125f724a98e6f65a527d489ac5cfece430ab9e6a946ffa36d2383b4
1720,0.7319557963776475,1719,2,25b39510e125f724a98e6f65a527d489ac5cfece430ab9e6a946ffa36d2383b4
1721,0.6614475022605495,1720,2,25b39510e125f724a98e6f65a527d489ac5cfece430ab9e6a946ffa36d2383b4
1722,0.7214595428886241,1721,2,25b39510e125f724a98e6f65a527d489ac5cfece430ab9e6a946ffa36d2383b4
1723,0.8469558271608548,1722,2,25b39510e125f724a98e6f65a527d489ac5cfece430ab9e6a946ffa36d2383b4
1724,0.6628538994555129,1723,2,25b39510e125f724a98e6f65a527d489ac5cfece430ab9e6a946ffa36d2383b4
1725,0.7099067270928572,1724,2,25b39510e125f724a98e6f65a527d489ac5cfece430ab9e6a946ffa36d2383b4
1726,0.7861090052583677,1725,2,25b39510e125f724a98e6f65a527d489ac5cfece430ab9e6a946ffa36d2383b4
1727,0.5982477533018047,1726,2,25b39510e125f724a98e6f65a527d489ac5cfece430ab9e6a946ffa36d2383b4
1728,0.6534520030254498,1727,2,25b39510e125f724a98e6f65a527d489ac5cfece430ab9e6a946ffa36d2383b4
1729,0.729396496683762,1728,2,25b39510e125f724a98e6f65a527d489ac5cfece430ab9e6a946ffa36d2383b4
1730,0.589391688030446,1729,2,25b39510e125f724a98e6f65a527d489ac5cfece430ab9e6a946ffa36d2383b4
1731,0.6801531793432929,1730,2,25b39510e125f724a98e6f65a527d489ac5cfece430ab9e6a946ffa36d2383b4
1732,0.8203053715114947,1731,2,25b39510e125f724a98e6f65a527d489ac5cfece430ab9e6a946ffa36d2383b4
1733,0.6865623327623229,1732,2,25b39510e125f724a98e6f65a527d489ac5cfece430ab9e6a946ffa36d2383b4
1734,0.6658645186644208,1733,2,25b39510e125f724a98e6f65a527d489ac5cfece430ab9e6a946ffa36d2383b4
1735,0.6879960110703118,1734,2,25b39510e125f724a98e6f65a527d489ac5cfece430ab9e6a946ffa36d2383b4
1736,0.8500461444782559,1735,2,25b39510e125f724a98e6f65a527d489ac5cfece430ab9e6a946ffa36d2383b4
1737,0.8126573702465976,1736,2,25b39510e125f724a98e6f65a527d489ac5cfece430ab9e6a946ffa36d2383b4
1738,0.9304932648228714,1737,2,25b39510e125f724a98e6f65a527d489ac5cfece430ab9e6a946ffa36d2383b4
1739,0.6599366657854553,1738,2,25b39510e125f724a98e6f65a527d489ac5cfece430ab9e6a946ffa36d2383b4
1740,0.8025191185006406,1739,2,25b39510e125f724a98e6f65a527d489ac5cfece430ab9e6a946ffa36d2383b4
1741,0.6549241977627389,1740,2,25b39510e125f724a98e6f65a527d489ac5cfece430ab9e6a946ffa36d2383b4
1742,0.6717576702567385,1741,2,25b39510e125f724a98e6f65a527d489ac5cfece430ab9e6a946ffa36d2383b4
1743,0.5963496458359386,1742,2,25b39510e125f724a98e6f65a527d489ac5cfece430ab9e6a946ffa36d2383b4
1744,0.7292639475241458,1743,2,25b39510e125f724a98e6f65a527d489ac5cfece430ab9e6a946ffa36d2383b4
1745,0.5733663631253876,1744,2,e6c7e1b76610ff4f6afc35ba943461a370e39a945d5ad45e7de52c09ec092cd4
1746,0.7894413509428038,1745,2,e6c7e1b76610ff4f6afc35ba943461a370e39a945d5ad45e7de52c09ec092cd4
1747,0.7411575347700818,1746,2,e6c7e1b76610ff4f6afc35ba943461a370e39a945d5ad45e7de52c09ec092cd4
1748,0.4726010145677719,1747,2,e6c7e1b76610ff4f6afc35ba943461a370e39a945d5ad45e7de52c09ec092cd4
1749,0.7027806515335318,1748,2,e6c7e1b76610ff4f6afc35ba943461a370e39a945d5ad45e7de52c09ec092cd4
1750,0.6717994126502163,1749,2,e6c7e1b76610ff4f6afc35ba943461a370e39a945d5ad45e7de52c09ec092cd4
1751,0.8170299938391281,1750,2,e6c7e1b76610ff4f6afc35ba943461a370e39a945d5ad45e7de52c09ec092cd4
1752,0.703777383932902,1751,2,e6c7e1b76610ff4f6afc35ba943461a370e39a945d5ad45e7de52c09ec092cd4
1753,0.7538304897934722,1752,2,e6c7e1b76610ff4f6afc35ba943461a370e39a945d5ad45e7de52c09ec092cd4
1754,0.760579870082438,1753,2,e6c7e1b76610ff4f6afc35ba943461a370e39a945d5ad45e7de52c09ec092cd4
1755,0.6252878642577855,1754,2,e6c7e1b76610ff4f6afc35ba943461a370e39a945d5ad45e7de52c09ec092cd4
1756,0.7048917803618099,1755,2,e6c7e1b76610ff4f6afc35ba943461a370e39a945d5ad45e7de52c09ec092cd4
1757,0.818461124175883,1756,2,e6c7e1b76610ff4f6afc35ba943461a370e39a945d5ad45e7de52c09ec092cd4
1758,0.7133891494268028,1757,2,e6c7e1b76610ff4f6afc35ba943461a370e39a945d5ad45e7de52c09ec092cd4
1759,0.7212795549302695,1758,2,e6c7e1b76610ff4f6afc35ba943461a370e39a945d5ad45e7de52c09ec092cd4
1760,0.8857197382226847,1759,2,e6c7e1b76610ff4f6afc35ba943461a370e39a945d5ad45e7de52c09ec092cd4
1761,0.8487381949034898,1760,2,e6c7e1b76610ff4f6afc35ba943461a370e39a945d5ad45e7de52c09ec092cd4
1762,0.8203752405388514,1761,2,e6c7e1b76610ff4f6afc35ba943461a370e39a945d5ad45e7de52c09ec092cd4
1763,0.8807553833503334,1762,2,e6c7e1b76610ff4f6afc35ba943461a370e39a945d5ad45e7de52c09ec092cd4
1764,0.7835532016978988,1763,2,e6c7e1b76610ff4f6afc35ba943461a370e39a945d5ad45e7de52c09ec092cd4
1765,0.8840523464605212,1764,2,e6c7e1b76610ff4f6afc35ba943461a370e39a945d5ad45e7de52c09ec092cd4
1766,0.4854345013791317,1765,2,e6c7e1b76610ff4f6afc35ba943461a370e39a945d5ad45e7de52c09ec092cd4
1767,0.7037927727321858,1766,2,e6c7e1b76610ff4f6afc35ba943461a370e39a945d5ad45e7de52c09ec092cd4
1768,0.6541276195900856,1767,2,e6c7e1b76610ff4f6afc35ba943461a370e39a945d5ad45e7de52c09ec092cd4
1769,0.89314833715531,1768,2,e6c7e1b76610ff4f6afc35ba943461a370e39a945d5ad45e7de52c09ec092cd4
1770,0.6598027893890261,1769,2,e6c7e1b76610ff4f6afc35ba943461a370e39a945d5ad45e7de52c09ec092cd4
1771,0.7432407109390624,1770,2,e6c7e1b76610ff4f6afc35ba943461a370e39a945d5ad45e7de52c09ec092cd4
1772,0.771814696100904,1771,2,e6c7e1b76610ff4f6afc35ba943461a370e39a945d5ad45e7de52c09ec092cd4
1773,0.7703025633744485,1772,2,e6c7e1b76610ff4f6afc35ba943461a370e39a945d5ad45e7de52c09ec092cd4
1774,0.6949426343071536,1773,2,e6c7e1b76610ff4f6afc35ba943461a370e39a945d5ad45e7de52c09ec092cd4
1775,0.6790580052474979,1774,2,e6c7e1b76610ff4f6afc35ba943461a370e39a945d5ad45e7de52c09ec092cd4
1776,0.7410570489931558,1775,2,e6c7e1b76610ff4f6afc35ba943461a370e39a945d5ad45e7de52c09ec092cd4
1777,0.739668168431308,1776,2,e6c7e1b76610ff4f6afc35ba943461a370e39a945d5ad45e7de52c09ec092cd4
1778,0.8248851260973424,1777,2,e6c7e1b76610ff4f6afc35ba943461a370e39a945d5ad45e7de52c09ec092cd4
1779,0.8001229347355547,1778,2,e6c7e1b76610ff4f6afc35ba943461a370e39a945d5ad45e7de52c09ec092cd4
1780,0.7108835730759893,1779,2,e6c7e1b76610ff4f6afc35ba943461a370e39a945d5ad45e7de52c09ec092cd4
1781,0.6100259084269055,1780,2,e6c7e1b76610ff4f6afc35ba943461a370e39a945d5ad45e7de52c09ec092cd4
1782,0.6738290107836633,1781,2,e6c7e1b76610ff4f6afc35ba943461a370e39a945d5ad45e7de52c09ec092cd4
1783,0.4140507601281054,1782,2,e6c7e1b76610ff4f6afc35ba943461a370e39a945d5ad45e7de52c09ec092cd4
1784,0.5893076564607327,1783,2,e6c7e1b76610ff4f6afc35ba943461a370e39a945d5ad45e7de52c09ec092cd4
1785,0.614628799523846,1784,2,e6c7e1b76610ff4f6afc35ba943461a370e39a945d5ad45e7de52c09ec092cd4
1786,0.5325836937804524,1785,2,e6c7e1b76610ff4f6afc35ba943461a370e39a945d5ad45e7de52c09ec092cd4
1787,0.7758934940884501,1786,2,e6c7e1b76610ff4f6afc35ba943461a370e39a945d5ad45e7de52c09ec092cd4
1788,0.762857471254506,1787,2,e6c7e1b76610ff4f6afc35ba943461a370e39a945d5ad45e7de52c09ec092cd4
1789,0.7788609616521853,1788,2,e6c7e1b76610ff4f6afc35ba943461a370e39a945d5ad45e7de52c09ec092cd4
1790,0.7213510741166829,1789,2,e6c7e1b76610ff4f6afc35ba943461a370e39a945d5ad45e7de52c09ec092cd4
1791,0.6902252356121608,1790,2,e6c7e1b76610ff4f6afc35ba943461a370e39a945d5ad45e7de52c09ec092cd4
1792,0.751569752326759,1791,2,e6c7e1b76610ff4f6afc35ba943461a370e39a945d5ad45e7de52c09ec092cd4
1793,0.8352260338874657,1792,2,e6c7e1b76610ff4f6afc35ba943461a370e39a945d5ad45e7de52c09ec092cd4
1794,0.8288518935441971,1793,2,e6c7e1b76610ff4f6afc35ba943461a370e39a945d5ad45e7de52c09ec092cd4
1795,0.8717016333248466,1794,2,e6c7e1b76610ff4f6afc35ba943461a370e39a945d5ad45e7de52c09ec092cd4
1796,0.7081323544325642,1795,2,e6c7e1b76610ff4f6afc35ba943461a370e39a945d5ad45e7de52c09ec092cd4
1797,0.6777662404347211,1796,2,e6c7e1b76610ff4f6afc35ba943461a370e39a945d5ad45e7de52c09ec092cd4
1798,0.7305146212143327,1797,2,e6c7e1b76610ff4f6afc35ba943461a370e39a945d5ad45e7de52c09ec092cd4
1799,0.5900332802548292,1798,2,e6c7e1b76610ff4f6afc35ba943461a370e39a945d5ad45e7de52c09ec092cd4
1800,0.7398019323572953,1799,2,e6c7e1b76610ff4f6afc35ba943461a370e39a945d5ad45e7de52c09ec092cd4
1801,0.7904757346113911,1800,2,e6c7e1b76610ff4f6afc35ba943461a370e39a945d5ad45e7de52c09ec092cd4
1802,0.6170822892454453,1801,2,e6c7e1b76610ff4f6afc35ba943461a370e39a945d5ad45e7de52c09ec092cd4
1803,0.7665419381217085,1802,2,e6c7e1b76610ff4f6afc35ba943461a370e39a945d5ad45e7de52c09ec092cd4
1804,0.7549015252864536,1803,2,e6c7e1b76610ff4f6afc35ba943461a370e39a945d5ad45e7de52c09ec092cd4
1805,0.7850523102044349,1804,2,e6c7e1b76610ff4f6afc35ba943461a370e39a945d5ad45e7de52c09ec092cd4
1806,0.5861171247779566,1805,2,e6c7e1b76610ff4f6afc35ba943461a370e39a945d5ad45e7de52c09ec092cd4
1807,0.6414903078567562,1806,2,e6c7e1b76610ff4f6afc35ba943461a370e39a945d5ad45e7de52c09ec092cd4
1808,0.8167214842978865,1807,2,e6c7e1b76610ff4f6afc35ba943461a370e39a945d5ad45e7de52c09ec092cd4
1809,0.5132432602367771,1808,2,e6c7e1b76610ff4f6afc35ba943461a370e39a945d5ad45e7de52c09ec092cd4
1810,0.8161017832326252,1809,2,e6c7e1b76610ff4f6afc35ba943461a370e39a945d5ad45e7de52c09ec092cd4
1811,0.8226930007094779,1810,2,e6c7e1b76610ff4f6afc35ba943461a370e39a945d5ad45e7de52c09ec092cd4
1812,0.6126530833702972,1811,2,e6c7e1b76610ff4f6afc35ba943461a370e39a945d5ad45e7de52c09ec092cd4
1813,0.6844315277430724,1812,2,e6c7e1b76610ff4f6afc35ba943461a370e39a945d5ad45e7de52c09ec092cd4
1814,0.6912658620858565,1813,2,e6c7e1b76610ff4f6afc35ba943461a370e39a945d5ad45e7de52c09ec092cd4
1815,0.8249845335467398,1814,2,e6c7e1b76610ff4f6afc35ba943461a370e39a945d5ad45e7de52c09ec092cd4
1816,0.6640317287166226,1815,2,e6c7e1b76610ff4f6afc35ba943461a370e39a945d5ad45e7de52c09ec092cd4
1817,0.5443593493069866,1816,2,e6c7e1b76610ff4f6afc35ba943461a370e39a945d5ad45e7de52c09ec092cd4
1818,0.6590417228781007,1817,2,e6c7e1b76610ff4f6afc35ba943461a370e39a945d5ad45e7de52c09ec092cd4
1819,0.5552762456558256,1818,2,e6c7e1b76610ff4f6afc35ba943461a370e39a945d5ad45e7de52c09ec092cd4
1820,0.6948330947810746,1819,2,e6c7e1b76610ff4f6afc35ba943461a370e39a945d5ad45e7de52c09ec092cd4
1821,0.8879412302921992,1820,2,e6c7e1b76610ff4f6afc35ba943461a370e39a945d5ad45e7de52c09ec092cd4
1822,0.5733590841946352,1821,2,e6c7e1b76610ff4f6afc35ba943461a370e39a945d5ad45e7de52c09ec092cd4
1823,0.6479266392238401,1822,2,e6c7e1b76610ff4f6afc35ba943461a370e39a945d5ad45e7de52c09ec092cd4
1824,0.9089600459556096,1823,2,e6c7e1b76610ff4f6afc35ba943461a370e39a945d5ad45e7de52c09ec092cd4
1825,0.6493179525714368,1824,2,e6c7e1b76610ff4f6afc35ba943461a370e39a945d5ad45e7de52c09ec092cd4
1826,0.5605522756119623,1825,2,e6c7e1b76610ff4f6afc35ba943461a370e39a945d5ad45e7de52c09ec092cd4
1827,0.7578106294513134,1826,2,e6c7e1b76610ff4f6afc35ba943461a370e39a945d5ad45e7de52c09ec092cd4
1828,0.5784275288633358,1827,2,e6c7e1b76610ff4f6afc35ba943461a370e39a945d5ad45e7de52c09ec092cd4
1829,0.7882908386400231,1828,2,e6c7e1b76610ff4f6afc35ba943461a370e39a945d5ad45e7de52c09ec092cd4
1830,0.7550437169459983,1829,2,e6c7e1b76610ff4f6afc35ba943461a370e39a945d5ad45e7de52c09ec092cd4
1831,0.8011520522413775,1830,2,e6c7e1b76610ff4f6afc35ba943461a370e39a945d5ad45e7de52c09ec092cd4
1832,0.7941667749546468,1831,2,e6c7e1b76610ff4f6afc35ba943461a370e39a945d5ad45e7de52c09ec092cd4
1833,0.6510865685995668,1832,2,e6c7e1b76610ff4f6afc35ba943461a370e39a945d5ad45e7de52c09ec092cd4
1834,0.6663677546748659,1833,2,e6c7e1b76610ff4f6afc35ba943461a370e39a945d5ad45e7de52c09ec092cd4
1835,0.6697822303184381,1834,2,e6c7e1b76610ff4f6afc35ba943461a370e39a945d5ad45e7de52c09ec092cd4
1836,0.6801544174354319,1835,2,e6c7e1b76610ff4f6afc35ba943461a370e39a945d5ad45e7de52c09ec092cd4
1837,0.8434062009910122,1836,2,e6c7e1b76610ff4f6afc35ba943461a370e39a945d5ad45e7de52c09ec092cd4
1838,0.6664743975877627,1837,2,e6c7e1b76610ff4f6afc35ba943461a370e39a945d5ad45e7de52c09ec092cd4
1839,0.821061920520151,1838,2,e6c7e1b76610ff4f6afc35ba943461a370e39a945d5ad45e7de52c09ec092cd4
1840,0.8356191149214283,1839,2,e6c7e1b76610ff4f6afc35ba943461a370e39a945d5ad45e7de52c09ec092cd4
1841,0.7099340975964878,1840,2,e6c7e1b76610ff4f6afc35ba943461a370e39a945d5ad45e7de52c09ec092cd4
1842,0.5035920855091296,1841,2,e6c7e1b76610ff4f6afc35ba943461a370e39a945d5ad45e7de52c09ec092cd4
1843,0.3638318015076174,1842,2,e6c7e1b76610ff4f6afc35ba943461a370e39a945d5ad45e7de52c09ec092cd4
1844,0.648831564001739,1843,2,e6c7e1b76610ff4f6afc35ba943461a370e39a945d5ad45e7de52c09ec092cd4
1845,0.8838154276600108,1844,2,e6c7e1b76610ff4f6afc35ba943461a370e39a945d5ad45e7de52c09ec092cd4
1846,0.6971907975117091,1845,2,e6c7e1b76610ff4f6afc35ba943461a370e39a945d5ad45e7de52c09ec092cd4
1847,0.5439751823294969,1846,2,e6c7e1b76610ff4f6afc35ba943461a370e39a945d5ad45e7de52c09ec092cd4
1848,0.8713268023275305,1847,2,e6c7e1b76610ff4f6afc35ba943461a370e39a945d5ad45e7de52c09ec092cd4
1849,0.7876233799520804,1848,2,e6c7e1b76610ff4f6afc35ba943461a370e39a945d5ad45e7de52c09ec092cd4
1850,0.6590520932950312,1849,2,e6c7e1b76610ff4f6afc35ba943461a370e39a945d5ad45e7de52c09ec092cd4
1851,0.7653676103745326,1850,2,e6c7e1b76610ff4f6afc35ba943461a370e39a945d5ad45e7de52c09ec092cd4
1852,0.6469975296640769,1851,2,e6c7e1b76610ff4f6afc35ba943461a370e39a945d5ad45e7de52c09ec092cd4
1853,0.5198394627019525,1852,2,e6c7e1b76610ff4f6afc35ba943461a370e39a945d5ad45e7de52c09ec092cd4
1854,0.6217637680427472,1853,2,e6c7e1b76610ff4f6afc35ba943461a370e39a945d5ad45e7de52c09ec092cd4
1855,0.824944165564375,1854,2,e6c7e1b76610ff4f6afc35ba943461a370e39a945d5ad45e7de52c09ec092cd4
1856,0.744786330673378,1855,2,e6c7e1b76610ff4f6afc35ba943461a370e39a945d5ad45e7de52c09ec092cd4
1857,0.7391777092780103,1856,2,e6c7e1b76610ff4f6afc35ba943461a370e39a945d5ad45e7de52c09ec092cd4
1858,0.7879759147617733,1857,2,e6c7e1b76610ff4f6afc35ba943461a370e39a945d5ad45e7de52c09ec092cd4
1859,0.77224775614377,1858,2,e6c7e1b76610ff4f6afc35ba943461a370e39a945d5ad45e7de52c09ec092cd4
1860,0.8645260173434508,1859,2,e6c7e1b76610ff4f6afc35ba943461a370e39a945d5ad45e7de52c09ec092cd4
1861,0.7846038603893248,1860,2,e6c7e1b76610ff4f6afc35ba943461a370e39a945d5ad45e7de52c09ec092cd4
1862,0.6349338394938968,1861,2,e6c7e1b76610ff4f6afc35ba943461a370e39a945d5ad45e7de52c09ec092cd4
1863,0.683697854993869,1862,2,e6c7e1b76610ff4f6afc35ba943461a370e39a945d5ad45e7de52c09ec092cd4
1864,0.6723112394241015,1863,2,e6c7e1b76610ff4f6afc35ba943461a370e39a945d5ad45e7de52c09ec092cd4
1865,0.7866328067430004,1864,2,e6c7e1b76610ff4f6afc35ba943461a370e39a945d5ad45e7de52c09ec092cd4
1866,0.5533227990532055,1865,2,e6c7e1b76610ff4f6afc35ba943461a370e39a945d5ad45e7de52c09ec092cd4
1867,0.6315482052312815,1866,2,e6c7e1b76610ff4f6afc35ba943461a370e39a945d5ad45e7de52c09ec092cd4
1868,0.882111873710528,1867,2,e6c7e1b76610ff4f6afc35ba943461a370e39a945d5ad45e7de52c09ec092cd4
1869,0.7775698120367451,1868,2,e6c7e1b76610ff4f6afc35ba943461a370e39a945d5ad45e7de52c09ec092cd4
1870,0.6354047411950887,1869,2,e6c7e1b76610ff4f6afc35ba943461a370e39a945d5ad45e7de52c09ec092cd4
1871,0.5759368901490234,1870,2,e6c7e1b76610ff4f6afc35ba943461a370e39a945d5ad45e7de52c09ec092cd4
1872,0.6579092018291703,1871,2,e6c7e1b76610ff4f6afc35ba943461a370e39a945d5ad45e7de52c09ec092cd4
1873,0.800916031046043,1872,2,e6c7e1b76610ff4f6afc35ba943461a370e39a945d5ad45e7de52c09ec092cd4
1874,0.4944881984515632,1873,2,e6c7e1b76610ff4f6afc35ba943461a370e39a945d5ad45e7de52c09ec092cd4
1875,0.7872693263925612,1874,2,e6c7e1b76610ff4f6afc35ba943461a370e39a945d5ad45e7de52c09ec092cd4
1876,0.8181695304301684,1875,2,e6c7e1b76610ff4f6afc35ba943461a370e39a945d5ad45e7de52c09ec092cd4
1877,0.7414756899088388,1876,2,e6c7e1b76610ff4f6afc35ba943461a370e39a945d5ad45e7de52c09ec092cd4
1878,0.7215321916792163,1877,2,e6c7e1b76610ff4f6afc35ba943461a370e39a945d5ad45e7de52c09ec092cd4
1879,0.6581954430657788,1878,2,e6c7e1b76610ff4f6afc35ba943461a370e39a945d5ad45e7de52c09ec092cd4
1880,0.835775866988115,1879,2,e6c7e1b76610ff4f6afc35ba943461a370e39a945d5ad45e7de52c09ec092cd4
1881,0.6543911598157568,1880,2,e6c7e1b76610ff4f6afc35ba943461a370e39a945d5ad45e7de52c09ec092cd4
1882,0.6429981801604754,1881,2,e6c7e1b76610ff4f6afc35ba943461a370e39a945d5ad45e7de52c09ec092cd4
1883,0.6761431322302087,1882,2,e6c7e1b76610ff4f6afc35ba943461a370e39a945d5ad45e7de52c09ec092cd4
1884,0.6822441475621588,1883,2,e6c7e1b76610ff4f6afc35ba943461a370e39a945d5ad45e7de52c09ec092cd4
1885,0.7918161391316971,1884,2,e6c7e1b76610ff4f6afc35ba943461a370e39a945d5ad45e7de52c09ec092cd4
1886,0.7353039754869712,1885,2,e6c7e1b76610ff4f6afc35ba943461a370e39a945d5ad45e7de52c09ec092cd4
1887,0.8173291854473064,1886,2,e6c7e1b76610ff4f6afc35ba943461a370e39a945d5ad45e7de52c09ec092cd4
1888,0.6751449961793696,1887,2,e6c7e1b76610ff4f6afc35ba943461a370e39a945d5ad45e7de52c09ec092cd4
1889,0.3932502714233354,1888,2,e6c7e1b76610ff4f6afc35ba943461a370e39a945d5ad45e7de52c09ec092cd4
1890,0.6834212135466942,1889,2,e6c7e1b76610ff4f6afc35ba943461a370e39a945d5ad45e7de52c09ec092cd4
1891,0.830395171418786,1890,2,e6c7e1b76610ff4f6afc35ba943461a370e39a945d5ad45e7de52c09ec092cd4
1892,0.5914274267015571,1891,2,e6c7e1b76610ff4f6afc35ba943461a370e39a945d5ad45e7de52c09ec092cd4
1893,0.6513618400693006,1892,2,e6c7e1b76610ff4f6afc35ba943461a370e39a945d5ad45e7de52c09ec092cd4
1894,0.6817882771342738,1893,2,e6c7e1b76610ff4f6afc35ba943461a370e39a945d5ad45e7de52c09ec092cd4
1895,0.8758514306391589,1894,2,e6c7e1b76610ff4f6afc35ba943461a370e39a945d5ad45e7de52c09ec092cd4
1896,0.6619319402580004,1895,2,e6c7e1b76610ff4f6afc35ba943461a370e39a945d5ad45e7de52c09ec092cd4
1897,0.6528799661783014,1896,2,e6c7e1b76610ff4f6afc35ba943461a370e39a945d5ad45e7de52c09ec092cd4
1898,0.7223296067149931,1897,2,e6c7e1b76610ff4f6afc35ba943461a370e39a945d5ad45e7de52c09ec092cd4
1899,0.7825694382045185,1898,2,e6c7e1b76610ff4f6afc35ba943461a370e39a945d5ad45e7de52c09ec092cd4
1900,0.8415469868050423,1899,2,e6c7e1b76610ff4f6afc35ba943461a370e39a945d5ad45e7de52c09ec092cd4
1901,0.6393172884054366,1900,2,e6c7e1b76610ff4f6afc35ba943461a370e39a945d5ad45e7de52c09ec092cd4
1902,0.7949814026192144,1901,2,e6c7e1b76610ff4f6afc35ba943461a370e39a945d5ad45e7de52c09ec092cd4
1903,0.816899577039294,1902,2,e6c7e1b76610ff4f6afc35ba943461a370e39a945d5ad45e7de52c09ec092cd4
1904,0.4938038454715752,1903,2,e6c7e1b76610ff4f6afc35ba943461a370e39a945d5ad45e7de52c09ec092cd4
1905,0.6840357277242219,1904,2,e6c7e1b76610ff4f6afc35ba943461a370e39a945d5ad45e7de52c09ec092cd4
1906,0.8331060837954283,1905,2,e6c7e1b76610ff4f6afc35ba943461a370e39a945d5ad45e7de52c09ec092cd4
1907,0.644225171970902,1906,2,e6c7e1b76610ff4f6afc35ba943461a370e39a945d5ad45e7de52c09ec092cd4
1908,0.7244443897834572,1907,2,e6c7e1b76610ff4f6afc35ba943461a370e39a945d5ad45e7de52c09ec092cd4
1909,0.6085908118465397,1908,2,e6c7e1b76610ff4f6afc35ba943461a370e39a945d5ad45e7de52c09ec092cd4
1910,0.7748381385192147,1909,2,e6c7e1b76610ff4f6afc35ba943461a370e39a945d5ad45e7de52c09ec092cd4
1911,0.659119877534863,1910,2,e6c7e1b76610ff4f6afc35ba943461a370e39a945d5ad45e7de52c09ec092cd4
1912,0.6993202555852531,1911,2,e6c7e1b76610ff4f6afc35ba943461a370e39a945d5ad45e7de52c09ec092cd4
1913,0.7679171637927915,1912,2,e6c7e1b76610ff4f6afc35ba943461a370e39a945d5ad45e7de52c09ec092cd4
1914,0.6381347428396111,1913,2,e6c7e1b76610ff4f6afc35ba943461a370e39a945d5ad45e7de52c09ec092cd4
1915,0.6375084387677256,1914,2,e6c7e1b76610ff4f6afc35ba943461a370e39a945d5ad45e7de52c09ec092cd4
1916,0.5666740192914572,1915,2,e6c7e1b76610ff4f6afc35ba943461a370e39a945d5ad45e7de52c09ec092cd4
1917,0.7223026435167412,1916,2,e6c7e1b76610ff4f6afc35ba943461a370e39a945d5ad45e7de52c09ec092cd4
1918,0.7815092253377188,1917,2,e6c7e1b76610ff4f6afc35ba943461a370e39a945d5ad45e7de52c09ec092cd4
1919,0.7253114336427894,1918,2,e6c7e1b76610ff4f6afc35ba943461a370e39a945d5ad45e7de52c09ec092cd4
1920,0.732127055642195,1919,2,e6c7e1b76610ff4f6afc35ba943461a370e39a945d5ad45e7de52c09ec092cd4
1921,0.4554392256313804,1920,2,e6c7e1b76610ff4f6afc35ba943461a370e39a945d5ad45e7de52c09ec092cd4
1922,0.9286026572808624,1921,2,e6c7e1b76610ff4f6afc35ba943461a370e39a945d5ad45e7de52c09ec092cd4
1923,0.8326943231804762,1922,2,e6c7e1b76610ff4f6afc35ba943461a370e39a945d5ad45e7de52c09ec092cd4
1924,0.7536624267304433,1923,2,e6c7e1b76610ff4f6afc35ba943461a370e39a945d5ad45e7de52c09ec092cd4
1925,0.7869094970569677,1924,2,e6c7e1b76610ff4f6afc35ba943461a370e39a945d5ad45e7de52c09ec092cd4
1926,0.5184948111329959,1925,2,e6c7e1b76610ff4f6afc35ba943461a370e39a945d5ad45e7de52c09ec092cd4
1927,0.62553159935851,1926,2,e6c7e1b76610ff4f6afc35ba943461a370e39a945d5ad45e7de52c09ec092cd4
1928,0.8580561267517623,1927,2,e6c7e1b76610ff4f6afc35ba943461a370e39a945d5ad45e7de52c09ec092cd4
1929,0.7011862014824146,1928,2,e6c7e1b76610ff4f6afc35ba943461a370e39a945d5ad45e7de52c09ec092cd4
1930,0.6268188981284766,1929,2,e6c7e1b76610ff4f6afc35ba943461a370e39a945d5ad45e7de52c09ec092cd4
1931,0.6443990496623542,1930,2,e6c7e1b76610ff4f6afc35ba943461a370e39a945d5ad45e7de52c09ec092cd4
1932,0.7631786839920096,1931,2,e6c7e1b76610ff4f6afc35ba943461a370e39a945d5ad45e7de52c09ec092cd4
1933,0.7167088718599963,1932,2,e6c7e1b76610ff4f6afc35ba943461a370e39a945d5ad45e7de52c09ec092cd4
1934,0.6129354560480285,1933,2,e6c7e1b76610ff4f6afc35ba943461a370e39a945d5ad45e7de52c09ec092cd4
1935,0.7312063708061487,1934,2,e6c7e1b76610ff4f6afc35ba943461a370e39a945d5ad45e7de52c09ec092cd4
1936,0.8455591646197718,1935,2,e6c7e1b76610ff4f6afc35ba943461a370e39a945d5ad45e7de52c09ec092cd4
1937,0.7893870096763749,1936,2,e6c7e1b76610ff4f6afc35ba943461a370e39a945d5ad45e7de52c09ec092cd4
1938,0.7589916788419941,1937,2,e6c7e1b76610ff4f6afc35ba943461a370e39a945d5ad45e7de52c09ec092cd4
1939,0.7637919836515152,1938,2,e6c7e1b76610ff4f6afc35ba943461a370e39a945d5ad45e7de52c09ec092cd4
1940,0.7786728973733261,1939,2,e6c7e1b76610ff4f6afc35ba943461a370e39a945d5ad45e7de52c09ec092cd4
1941,0.8715801872313023,1940,2,e6c7e1b76610ff4f6afc35ba943461a370e39a945d5ad45e7de52c09ec092cd4
1942,0.6941554690298994,1941,2,e6c7e1b76610ff4f6afc35ba943461a370e39a945d5ad45e7de52c09ec092cd4
1943,0.8563688963176901,1942,2,e6c7e1b76610ff4f6afc35ba943461a370e39a945d5ad45e7de52c09ec092cd4
1944,0.8126426919479854,1943,2,e6c7e1b76610ff4f6afc35ba943461a370e39a945d5ad45e7de52c09ec092cd4
1945,0.604558604518567,1944,2,e6c7e1b76610ff4f6afc35ba943461a370e39a945d5ad45e7de52c09ec092cd4
1946,0.8768409247422824,1945,2,e6c7e1b76610ff4f6afc35ba943461a370e39a945d5ad45e7de52c09ec092cd4
1947,0.576959287369391,1946,2,e6c7e1b76610ff4f6afc35ba943461a370e39a945d5ad45e7de52c09ec092cd4
1948,0.8208522198572155,1947,2,e6c7e1b76610ff4f6afc35ba943461a370e39a945d5ad45e7de52c09ec092cd4
1949,0.7952758278897818,1948,2,e6c7e1b76610ff4f6afc35ba943461a370e39a945d5ad45e7de52c09ec092cd4
1950,0.6856702843891114,1949,2,e6c7e1b76610ff4f6afc35ba943461a370e39a945d5ad45e7de52c09ec092cd4
1951,0.678330858823756,1950,2,e6c7e1b76610ff4f6afc35ba943461a370e39a945d5ad45e7de52c09ec092cd4
1952,0.5126526387577712,1951,2,e6c7e1b76610ff4f6afc35ba943461a370e39a945d5ad45e7de52c09ec092cd4
1953,0.8286331865092507,1952,2,e6c7e1b76610ff4f6afc35ba943461a370e39a945d5ad45e7de52c09ec092cd4
1954,0.6733005554615374,1953,2,e6c7e1b76610ff4f6afc35ba943461a370e39a945d5ad45e7de52c09ec092cd4
1955,0.7264952444557244,1954,2,e6c7e1b76610ff4f6afc35ba943461a370e39a945d5ad45e7de52c09ec092cd4
1956,0.8095225193071656,1955,2,e6c7e1b76610ff4f6afc35ba943461a370e39a945d5ad45e7de52c09ec092cd4
1957,0.8425605880247531,1956,2,e6c7e1b76610ff4f6afc35ba943461a370e39a945d5ad45e7de52c09ec092cd4
1958,0.7347711994507584,1957,2,e6c7e1b76610ff4f6afc35ba943461a370e39a945d5ad45e7de52c09ec092cd4
1959,0.7023685195636062,1958,2,e6c7e1b76610ff4f6afc35ba943461a370e39a945d5ad45e7de52c09ec092cd4
1960,0.7918290730697208,1959,2,e6c7e1b76610ff4f6afc35ba943461a370e39a945d5ad45e7de52c09ec092cd4
1961,0.7366260954923867,1960,2,e6c7e1b76610ff4f6afc35ba943461a370e39a945d5ad45e7de52c09ec092cd4
1962,0.6828917420498328,1961,2,e6c7e1b76610ff4f6afc35ba943461a370e39a945d5ad45e7de52c09ec092cd4
1963,0.7846978259958632,1962,2,e6c7e1b76610ff4f6afc35ba943461a370e39a945d5ad45e7de52c09ec092cd4
1964,0.8550799799140805,1963,2,e6c7e1b76610ff4f6afc35ba943461a370e39a945d5ad45e7de52c09ec092cd4
1965,0.5366198960699908,1964,2,e6c7e1b76610ff4f6afc35ba943461a370e39a945d5ad45e7de52c09ec092cd4
1966,0.8151162135718089,1965,2,e6c7e1b76610ff4f6afc35ba943461a370e39a945d5ad45e7de52c09ec092cd4
1967,0.6671097835678665,1966,2,e6c7e1b76610ff4f6afc35ba943461a370e39a945d5ad45e7de52c09ec092cd4
1968,0.7129717438692751,1967,2,e6c7e1b76610ff4f6afc35ba943461a370e39a945d5ad45e7de52c09ec092cd4
1969,0.7279191026501621,1968,2,e6c7e1b76610ff4f6afc35ba943461a370e39a945d5ad45e7de52c09ec092cd4
1970,0.5209765773708384,1969,2,e6c7e1b76610ff4f6afc35ba943461a370e39a945d5ad45e7de52c09ec092cd4
1971,0.5274035080019672,1970,2,e6c7e1b76610ff4f6afc35ba943461a370e39a945d5ad45e7de52c09ec092cd4
1972,0.7081304543510001,1971,2,e6c7e1b76610ff4f6afc35ba943461a370e39a945d5ad45e7de52c09ec092cd4
1973,0.74346199457068,1972,2,e6c7e1b76610ff4f6afc35ba943461a370e39a945d5ad45e7de52c09ec092cd4
1974,0.8108030172681961,1973,2,e6c7e1b76610ff4f6afc35ba943461a370e39a945d5ad45e7de52c09ec092cd4
1975,0.7302112304605544,1974,2,e6c7e1b76610ff4f6afc35ba943461a370e39a945d5ad45e7de52c09ec092cd4
1976,0.7434553315698054,1975,2,e6c7e1b76610ff4f6afc35ba943461a370e39a945d5ad45e7de52c09ec092cd4
1977,0.5450128149459488,1976,2,e6c7e1b76610ff4f6afc35ba943461a370e39a945d5ad45e7de52c09ec092cd4
1978,0.5286965270606743,1977,2,e6c7e1b76610ff4f6afc35ba943461a370e39a945d5ad45e7de52c09ec092cd4
1979,0.6199763651875401,1978,2,e6c7e1b76610ff4f6afc35ba943461a370e39a945d5ad45e7de52c09ec092cd4
1980,0.8014235903092413,1979,2,e6c7e1b76610ff4f6afc35ba943461a370e39a945d5ad45e7de52c09ec092cd4
1981,0.8719825856533134,1980,2,e6c7e1b76610ff4f6afc35ba943461a370e39a945d5ad45e7de52c09ec092cd4
1982,0.9043747832765804,1981,2,e6c7e1b76610ff4f6afc35ba943461a370e39a945d5ad45e7de52c09ec092cd4
1983,0.6952164116596578,1982,2,e6c7e1b76610ff4f6afc35ba943461a370e39a945d5ad45e7de52c09ec092cd4
1984,0.7610986698005036,1983,2,e6c7e1b76610ff4f6afc35ba943461a370e39a945d5ad45e7de52c09ec092cd4
1985,0.5712827071147331,1984,2,e6c7e1b76610ff4f6afc35ba943461a370e39a945d5ad45e7de52c09ec092cd4
1986,0.7894496055787386,1985,2,e6c7e1b76610ff4f6afc35ba943461a370e39a945d5ad45e7de52c09ec092cd4
1987,0.8133995543684591,1986,2,e6c7e1b76610ff4f6afc35ba943461a370e39a945d5ad45e7de52c09ec092cd4
1988,0.6603161266784809,1987,2,e6c7e1b76610ff4f6afc35ba943461a370e39a945d5ad45e7de52c09ec092cd4
1989,0.8052325479119418,1988,2,e6c7e1b76610ff4f6afc35ba943461a370e39a945d5ad45e7de52c09ec092cd4
1990,0.834911547601223,1989,2,e6c7e1b76610ff4f6afc35ba943461a370e39a945d5ad45e7de52c09ec092cd4
1991,0.6038406411205415,1990,2,e6c7e1b76610ff4f6afc35ba943461a370e39a945d5ad45e7de52c09ec092cd4
1992,0.8139316141720627,1991,2,e6c7e1b76610ff4f6afc35ba943461a370e39a945d5ad45e7de52c09ec092cd4
1993,0.8373368984030094,1992,2,e6c7e1b76610ff4f6afc35ba943461a370e39a945d5ad45e7de52c09ec092cd4
1994,0.8253229179681512,1993,2,e6c7e1b76610ff4f6afc35ba943461a370e39a945d5ad45e7de52c09ec092cd4
1995,0.6812132721533999,1994,2,e6c7e1b76610ff4f6afc35ba943461a370e39a945d5ad45e7de52c09ec092cd4
1996,0.8889686744660139,1995,2,e6c7e1b76610ff4f6afc35ba943461a370e39a945d5ad45e7de52c09ec092cd4
1997,0.7952047358849086,1996,2,e6c7e1b76610ff4f6afc35ba943461a370e39a945d5ad45e7de52c09ec092cd4
1998,0.715520081443767,1997,2,e6c7e1b76610ff4f6afc35ba943461a370e39a945d5ad45e7de52c09ec092cd4
1999,0.6423747848216381,1998,2,e6c7e1b76610ff4f6afc35ba943461a370e39a945d5ad45e7de52c09ec092cd4
2000,0.7433224127930211,1999,2,e6c7e1b76610ff4f6afc35ba943461a370e39a945d5ad45e7de52c09ec092cd4
2001,0.7010355382339435,2000,2,e6c7e1b76610ff4f6afc35ba943461a370e39a945d5ad45e7de52c09ec092cd4
2002,0.758140468642523,2001,2,e6c7e1b76610ff4f6afc35ba943461a370e39a945d5ad45e7de52c09ec092cd4
2003,0.849536364189305,2002,2,e6c7e1b76610ff4f6afc35ba943461a370e39a945d5ad45e7de52c09ec092cd4
2004,0.6723835303312171,2003,2,e6c7e1b76610ff4f6afc35ba943461a370e39a945d5ad45e7de52c09ec092cd4
2005,0.7984701859986671,2004,2,e6c7e1b76610ff4f6afc35ba943461a370e39a945d5ad45e7de52c09ec092cd4
2006,0.6502355521151912,2005,2,e6c7e1b76610ff4f6afc35ba943461a370e39a945d5ad45e7de52c09ec092cd4
2007,0.6747525770735869,2006,2,e6c7e1b76610ff4f6afc35ba943461a370e39a945d5ad45e7de52c09ec092cd4
2008,0.5520586104539689,2007,2,e6c7e1b76610ff4f6afc35ba943461a370e39a945d5ad45e7de52c09ec092cd4
2009,0.7032592757459497,2008,2,e6c7e1b76610ff4f6afc35ba943461a370e39a945d5ad45e7de52c09ec092cd4
2010,0.6342362774202022,2009,2,e6c7e1b76610ff4f6afc35ba943461a370e39a945d5ad45e7de52c09ec092cd4
2011,0.8367441895362617,2010,2,e6c7e1b76610ff4f6afc35ba943461a370e39a945d5ad45e7de52c09ec092cd4
2012,0.6530623825965449,2011,2,e6c7e1b76610ff4f6afc35ba943461a370e39a945d5ad45e7de52c09ec092cd4
2013,0.5538329495406629,2012,2,e6c7e1b76610ff4f6afc35ba943461a370e39a945d5ad45e7de52c09ec092cd4
2014,0.7520296158809288,2013,2,e6c7e1b76610ff4f6afc35ba943461a370e39a945d5ad45e7de52c09ec092cd4
2015,0.5599659002216413,2014,2,e6c7e1b76610ff4f6afc35ba943461a370e39a945d5ad45e7de52c09ec092cd4
2016,0.7059235055185127,2015,2,e6c7e1b76610ff4f6afc35ba943461a370e39a945d5ad45e7de52c09ec092cd4
2017,0.7545063141878927,2016,2,e6c7e1b76610ff4f6afc35ba943461a370e39a945d5ad45e7de52c09ec092cd4
2018,0.7962207937832204,2017,2,e6c7e1b76610ff4f6afc35ba943461a370e39a945d5ad45e7de52c09ec092cd4
2019,0.8310026820981875,2018,2,e6c7e1b76610ff4f6afc35ba943461a370e39a945d5ad45e7de52c09ec092cd4
2020,0.7789107267162763,2019,2,e6c7e1b76610ff4f6afc35ba943461a370e39a945d5ad45e7de52c09ec092cd4
2021,0.8834233888192102,2020,2,e6c7e1b76610ff4f6afc35ba943461a370e39a945d5ad45e7de52c09ec092cd4
2022,0.792279965009584,2021,2,e6c7e1b76610ff4f6afc35ba943461a370e39a945d5ad45e7de52c09ec092cd4
2023,0.5880350828681458,2022,2,e6c7e1b76610ff4f6afc35ba943461a370e39a945d5ad45e7de52c09ec092cd4
2024,0.7036890325261993,2023,2,e6c7e1b76610ff4f6afc35ba943461a370e39a945d5ad45e7de52c09ec092cd4
2025,0.6528374282238474,2024,2,e6c7e1b76610ff4f6afc35ba943461a370e39a945d5ad45e7de52c09ec092cd4
2026,0.7974896864163012,2025,2,e6c7e1b76610ff4f6afc35ba943461a370e39a945d5ad45e7de52c09ec092cd4
2027,0.5522176150407176,2026,2,e6c7e1b76610ff4f6afc35ba943461a370e39a945d5ad45e7de52c09ec092cd4
2028,0.776970976148732,2027,2,e6c7e1b76610ff4f6afc35ba943461a370e39a945d5ad45e7de52c09ec092cd4
2029,0.8341739818570204,2028,2,e6c7e1b76610ff4f6afc35ba943461a370e39a945d5ad45e7de52c09ec092cd4
2030,0.8012151286075095,2029,2,e6c7e1b76610ff4f6afc35ba943461a370e39a945d5ad45e7de52c09ec092cd4
2031,0.6381302612908542,2030,2,e6c7e1b76610ff4f6afc35ba943461a370e39a945d5ad45e7de52c09ec092cd4
2032,0.6580073637389887,2031,2,e6c7e1b76610ff4f6afc35ba943461a370e39a945d5ad45e7de52c09ec092cd4
2033,0.7558641967734232,2032,2,e6c7e1b76610ff4f6afc35ba943461a370e39a945d5ad45e7de52c09ec092cd4
2034,0.9255609785905108,2033,2,e6c7e1b76610ff4f6afc35ba943461a370e39a945d5ad45e7de52c09ec092cd4
2035,0.8460371018993555,2034,2,e6c7e1b76610ff4f6afc35ba943461a370e39a945d5ad45e7de52c09ec092cd4
2036,0.8206552552772859,2035,2,e6c7e1b76610ff4f6afc35ba943461a370e39a945d5ad45e7de52c09ec092cd4
2037,0.7883816636167467,2036,2,e6c7e1b76610ff4f6afc35ba943461a370e39a945d5ad45e7de52c09ec092cd4
2038,0.7386559867496203,2037,2,e6c7e1b76610ff4f6afc35ba943461a370e39a945d5ad45e7de52c09ec092cd4
2039,0.7959151950127676,2038,2,e6c7e1b76610ff4f6afc35ba943461a370e39a945d5ad45e7de52c09ec092cd4
2040,0.747765381327099,2039,2,e6c7e1b76610ff4f6afc35ba943461a370e39a945d5ad45e7de52c09ec092cd4
2041,0.850884577492252,2040,2,e6c7e1b76610ff4f6afc35ba943461a370e39a945d5ad45e7de52c09ec092cd4
2042,0.7156484572365116,2041,2,e6c7e1b76610ff4f6afc35ba943461a370e39a945d5ad45e7de52c09ec092cd4
2043,0.6859553652757313,2042,2,e6c7e1b76610ff4f6afc35ba943461a370e39a945d5ad45e7de52c09ec092cd4
2044,0.8260415144031867,2043,2,e6c7e1b76610ff4f6afc35ba943461a370e39a945d5ad45e7de52c09ec092cd4
2045,0.7899493416930028,2044,2,e6c7e1b76610ff4f6afc35ba943461a370e39a945d5ad45e7de52c09ec092cd4
2046,0.5926959471066741,2045,2,e6c7e1b76610ff4f6afc35ba943461a370e39a945d5ad45e7de52c09ec092cd4
2047,0.5485643153885925,2046,2,e6c7e1b76610ff4f6afc35ba943461a370e39a945d5ad45e7de52c09ec092cd4
2048,0.6652478850005537,2047,2,e6c7e1b76610ff4f6afc35ba943461a370e39a945d5ad45e7de52c09ec092cd4
2049,0.6167575088620652,2048,2,e6c7e1b76610ff4f6afc35ba943461a370e39a945d5ad45e7de52c09ec092cd4
2050,0.8493489014180113,2049,2,e6c7e1b76610ff4f6afc35ba943461a370e39a945d5ad45e7de52c09ec092cd4
2051,0.7112098364741541,2050,2,e6c7e1b76610ff4f6afc35ba943461a370e39a945d5ad45e7de52c09ec092cd4
2052,0.535841681084749,2051,2,e6c7e1b76610ff4f6afc35ba943461a370e39a945d5ad45e7de52c09ec092cd4
2053,0.6848465926304925,2052,2,e6c7e1b76610ff4f6afc35ba943461a370e39a945d5ad45e7de52c09ec092cd4
2054,0.8347899761865847,2053,2,e6c7e1b76610ff4f6afc35ba943461a370e39a945d5ad45e7de52c09ec092cd4
2055,0.7997171532570064,2054,2,e6c7e1b76610ff4f6afc35ba943461a370e39a945d5ad45e7de52c09ec092cd4
2056,0.7225734107596509,2055,2,e6c7e1b76610ff4f6afc35ba943461a370e39a945d5ad45e7de52c09ec092cd4
2057,0.7833781615554472,2056,2,e6c7e1b76610ff4f6afc35ba943461a370e39a945d5ad45e7de52c09ec092cd4
2058,0.7051559976681034,2057,2,e6c7e1b76610ff4f6afc35ba943461a370e39a945d5ad45e7de52c09ec092cd4
2059,0.7891352485403331,2058,2,e6c7e1b76610ff4f6afc35ba943461a370e39a945d5ad45e7de52c09ec092cd4
2060,0.6938368293922395,2059,2,e6c7e1b76610ff4f6afc35ba943461a370e39a945d5ad45e7de52c09ec092cd4
2061,0.80163438434829,2060,2,e6c7e1b76610ff4f6afc35ba943461a370e39a945d5ad45e7de52c09ec092cd4
2062,0.7739034924715611,2061,2,e6c7e1b76610ff4f6afc35ba943461a370e39a945d5ad45e7de52c09ec092cd4
2063,0.7858704943137127,2062,2,e6c7e1b76610ff4f6afc35ba943461a370e39a945d5ad45e7de52c09ec092cd4
2064,0.3653338469537822,2063,2,e6c7e1b76610ff4f6afc35ba943461a370e39a945d5ad45e7de52c09ec092cd4
2065,0.7762552483654872,2064,2,e6c7e1b76610ff4f6afc35ba943461a370e39a945d5ad45e7de52c09ec092cd4
2066,0.8344992470040893,2065,2,e6c7e1b76610ff4f6afc35ba943461a370e39a945d5ad45e7de52c09ec092cd4
2067,0.8006706296582706,2066,2,e6c7e1b76610ff4f6afc35ba943461a370e39a945d5ad45e7de52c09ec092cd4
2068,0.652368503054241,2067,2,e6c7e1b76610ff4f6afc35ba943461a370e39a945d5ad45e7de52c09ec092cd4
2069,0.6241420142753344,2068,2,e6c7e1b76610ff4f6afc35ba943461a370e39a945d5ad45e7de52c09ec092cd4
2070,0.7358121745928656,2069,2,e6c7e1b76610ff4f6afc35ba943461a370e39a945d5ad45e7de52c09ec092cd4
2071,0.6110730505097308,2070,2,e6c7e1b76610ff4f6afc35ba943461a370e39a945d5ad45e7de52c09ec092cd4
2072,0.7139511178247631,2071,2,e6c7e1b76610ff4f6afc35ba943461a370e39a945d5ad45e7de52c09ec092cd4
2073,0.8154500158270821,2072,2,e6c7e1b76610ff4f6afc35ba943461a370e39a945d5ad45e7de52c09ec092cd4
2074,0.6368382231421919,2073,2,e6c7e1b76610ff4f6afc35ba943461a370e39a945d5ad45e7de52c09ec092cd4
2075,0.6189223110613966,2074,2,e6c7e1b76610ff4f6afc35ba943461a370e39a945d5ad45e7de52c09ec092cd4
2076,0.9121194451581688,2075,2,e6c7e1b76610ff4f6afc35ba943461a370e39a945d5ad45e7de52c09ec092cd4
2077,0.6059878898186071,2076,2,e6c7e1b76610ff4f6afc35ba943461a370e39a945d5ad45e7de52c09ec092cd4
2078,0.6371790483353834,2077,2,e6c7e1b76610ff4f6afc35ba943461a370e39a945d5ad45e7de52c09ec092cd4
2079,0.8283342556096613,2078,2,e6c7e1b76610ff4f6afc35ba943461a370e39a945d5ad45e7de52c09ec092cd4
2080,0.6690062960465184,2079,2,e6c7e1b76610ff4f6afc35ba943461a370e39a945d5ad45e7de52c09ec092cd4
2081,0.737127658103554,2080,2,e6c7e1b76610ff4f6afc35ba943461a370e39a945d5ad45e7de52c09ec092cd4
2082,0.7724817076668842,2081,2,e6c7e1b76610ff4f6afc35ba943461a370e39a945d5ad45e7de52c09ec092cd4
2083,0.5298706341890898,2082,2,e6c7e1b76610ff4f6afc35ba943461a370e39a945d5ad45e7de52c09ec092cd4
2084,0.7642358666774953,2083,2,e6c7e1b76610ff4f6afc35ba943461a370e39a945d5ad45e7de52c09ec092cd4
2085,0.8053947561891164,2084,2,e6c7e1b76610ff4f6afc35ba943461a370e39a945d5ad45e7de52c09ec092cd4
2086,0.6202148565789685,2085,2,e6c7e1b76610ff4f6afc35ba943461a370e39a945d5ad45e7de52c09ec092cd4
2087,0.6950069852282468,2086,2,e6c7e1b76610ff4f6afc35ba943461a370e39a945d5ad45e7de52c09ec092cd4
2088,0.7281474150076974,2087,2,e6c7e1b76610ff4f6afc35ba943461a370e39a945d5ad45e7de52c09ec092cd4
2089,0.7605405310387141,2088,2,e6c7e1b76610ff4f6afc35ba943461a370e39a945d5ad45e7de52c09ec092cd4
2090,0.7773462789191399,2089,2,e6c7e1b76610ff4f6afc35ba943461a370e39a945d5ad45e7de52c09ec092cd4
2091,0.832638911138929,2090,2,e6c7e1b76610ff4f6afc35ba943461a370e39a945d5ad45e7de52c09ec092cd4
2092,0.6179144500929397,2091,2,e6c7e1b76610ff4f6afc35ba943461a370e39a945d5ad45e7de52c09ec092cd4
2093,0.628331388001115,2092,2,e6c7e1b76610ff4f6afc35ba943461a370e39a945d5ad45e7de52c09ec092cd4
2094,0.8567078965215842,2093,2,64628e9b9f84eb8654a276b37300f8349f67de1f06c7ade9695a003563873f08
2095,0.5922864607843195,2094,2,64628e9b9f84eb8654a276b37300f8349f67de1f06c7ade9695a003563873f08
2096,0.6150995207092178,2095,2,64628e9b9f84eb8654a276b37300f8349f67de1f06c7ade9695a003563873f08
2097,0.7186901186360046,2096,2,64628e9b9f84eb8654a276b37300f8349f67de1f06c7ade9695a003563873f08
2098,0.8025481486497483,2097,2,64628e9b9f84eb8654a276b37300f8349f67de1f06c7ade9695a003563873f08
2099,0.7373313517964561,2098,2,64628e9b9f84eb8654a276b37300f8349f67de1f06c7ade9695a003563873f08
2100,0.6422987601766295,2099,2,64628e9b9f84eb8654a276b37300f8349f67de1f06c7ade9695a003563873f08
2101,0.6467444508992828,2100,2,64628e9b9f84eb8654a276b37300f8349f67de1f06c7ade9695a003563873f08
2102,0.8805413760710508,2101,2,64628e9b9f84eb8654a276b37300f8349f67de1f06c7ade9695a003563873f08
2103,0.7110192885011202,2102,2,64628e9b9f84eb8654a276b37300f8349f67de1f06c7ade9695a003563873f08
2104,0.7106345755055372,2103,2,64628e9b9f84eb8654a276b37300f8349f67de1f06c7ade9695a003563873f08
2105,0.6169546833893946,2104,2,64628e9b9f84eb8654a276b37300f8349f67de1f06c7ade9695a003563873f08
2106,0.6974930784654134,2105,2,64628e9b9f84eb8654a276b37300f8349f67de1f06c7ade9695a003563873f08
2107,0.7181263342208695,2106,2,64628e9b9f84eb8654a276b37300f8349f67de1f06c7ade9695a003563873f08
2108,0.6650457122032094,2107,2,64628e9b9f84eb8654a276b37300f8349f67de1f06c7ade9695a003563873f08
2109,0.8639974893024771,2108,2,64628e9b9f84eb8654a276b37300f8349f67de1f06c7ade9695a003563873f08
2110,0.7481831244566024,2109,2,64628e9b9f84eb8654a276b37300f8349f67de1f06c7ade9695a003563873f08
2111,0.7311311133400409,2110,2,64628e9b9f84eb8654a276b37300f8349f67de1f06c7ade9695a003563873f08
2112,0.8605890074977651,2111,2,64628e9b9f84eb8654a276b37300f8349f67de1f06c7ade9695a003563873f08
2113,0.844675762404222,2112,2,64628e9b9f84eb8654a276b37300f8349f67de1f06c7ade9695a003563873f08
2114,0.7350373471936109,2113,2,64628e9b9f84eb8654a276b37300f8349f67de1f06c7ade9695a003563873f08
2115,0.6770348136425923,2114,2,64628e9b9f84eb8654a276b37300f8349f67de1f06c7ade9695a003563873f08
2116,0.5634288269655698,2115,2,64628e9b9f84eb8654a276b37300f8349f67de1f06c7ade9695a003563873f08
2117,0.7972063474487641,2116,2,64628e9b9f84eb8654a276b37300f8349f67de1f06c7ade9695a003563873f08
2118,0.6810263032787134,2117,2,64628e9b9f84eb8654a276b37300f8349f67de1f06c7ade9695a003563873f08
2119,0.7461892994127108,2118,2,64628e9b9f84eb8654a276b37300f8349f67de1f06c7ade9695a003563873f08
2120,0.5291890636110139,2119,2,64628e9b9f84eb8654a276b37300f8349f67de1f06c7ade9695a003563873f08
2121,0.8434193482153205,2120,2,64628e9b9f84eb8654a276b37300f8349f67de1f06c7ade9695a003563873f08
2122,0.8363936713249132,2121,2,64628e9b9f84eb8654a276b37300f8349f67de1f06c7ade9695a003563873f08
2123,0.7998083041238715,2122,2,64628e9b9f84eb8654a276b37300f8349f67de1f06c7ade9695a003563873f08
2124,0.5942695182375246,2123,2,64628e9b9f84eb8654a276b37300f8349f67de1f06c7ade9695a003563873f08
2125,0.9079319055890664,2124,2,64628e9b9f84eb8654a276b37300f8349f67de1f06c7ade9695a003563873f08
2126,0.6036095616263992,2125,2,64628e9b9f84eb8654a276b37300f8349f67de1f06c7ade9695a003563873f08
2127,0.6207255310255277,2126,2,64628e9b9f84eb8654a276b37300f8349f67de1f06c7ade9695a003563873f08
2128,0.8162184950688243,2127,2,64628e9b9f84eb8654a276b37300f8349f67de1f06c7ade9695a003563873f08
2129,0.8434260907815769,2128,2,64628e9b9f84eb8654a276b37300f8349f67de1f06c7ade9695a003563873f08
2130,0.6790459113308316,2129,2,64628e9b9f84eb8654a276b37300f8349f67de1f06c7ade9695a003563873f08
2131,0.6869738920649979,2130,2,64628e9b9f84eb8654a276b37300f8349f67de1f06c7ade9695a003563873f08
2132,0.4552026348615072,2131,2,64628e9b9f84eb8654a276b37300f8349f67de1f06c7ade9695a003563873f08
2133,0.8089823061636707,2132,2,64628e9b9f84eb8654a276b37300f8349f67de1f06c7ade9695a003563873f08
2134,0.5858501089478874,2133,2,64628e9b9f84eb8654a276b37300f8349f67de1f06c7ade9695a003563873f08
2135,0.6882624314308444,2134,2,64628e9b9f84eb8654a276b37300f8349f67de1f06c7ade9695a003563873f08
2136,0.7047556132719279,2135,2,64628e9b9f84eb8654a276b37300f8349f67de1f06c7ade9695a003563873f08
2137,0.7930071705090995,2136,2,64628e9b9f84eb8654a276b37300f8349f67de1f06c7ade9695a003563873f08
2138,0.6500242403032814,2137,2,64628e9b9f84eb8654a276b37300f8349f67de1f06c7ade9695a003563873f08
2139,0.852634632086847,2138,2,64628e9b9f84eb8654a276b37300f8349f67de1f06c7ade9695a003563873f08
2140,0.7008101797547397,2139,2,64628e9b9f84eb8654a276b37300f8349f67de1f06c7ade9695a003563873f08
2141,0.55344183404668,2140,2,64628e9b9f84eb8654a276b37300f8349f67de1f06c7ade9695a003563873f08
2142,0.6941842235832624,2141,2,64628e9b9f84eb8654a276b37300f8349f67de1f06c7ade9695a003563873f08
2143,0.8871795593305686,2142,2,64628e9b9f84eb8654a276b37300f8349f67de1f06c7ade9695a003563873f08
2144,0.6376110122550589,2143,2,64628e9b9f84eb8654a276b37300f8349f67de1f06c7ade9695a003563873f08
2145,0.663537933746948,2144,2,64628e9b9f84eb8654a276b37300f8349f67de1f06c7ade9695a003563873f08
2146,0.5844051642052364,2145,2,64628e9b9f84eb8654a276b37300f8349f67de1f06c7ade9695a003563873f08
2147,0.6139740396628335,2146,2,64628e9b9f84eb8654a276b37300f8349f67de1f06c7ade9695a003563873f08
2148,0.5967052120086046,2147,2,64628e9b9f84eb8654a276b37300f8349f67de1f06c7ade9695a003563873f08
2149,0.7500625516695436,2148,2,64628e9b9f84eb8654a276b37300f8349f67de1f06c7ade9695a003563873f08
2150,0.6826696107455064,2149,2,64628e9b9f84eb8654a276b37300f8349f67de1f06c7ade9695a003563873f08
2151,0.8703657663427293,2150,2,64628e9b9f84eb8654a276b37300f8349f67de1f06c7ade9695a003563873f08
2152,0.727695440480602,2151,2,64628e9b9f84eb8654a276b37300f8349f67de1f06c7ade9695a003563873f08
2153,0.7003839158451228,2152,2,64628e9b9f84eb8654a276b37300f8349f67de1f06c7ade9695a003563873f08
2154,0.5406729006717979,2153,2,64628e9b9f84eb8654a276b37300f8349f67de1f06c7ade9695a003563873f08
2155,0.508485135726497,2154,2,64628e9b9f84eb8654a276b37300f8349f67de1f06c7ade9695a003563873f08
2156,0.5862471398043789,2155,2,64628e9b9f84eb8654a276b37300f8349f67de1f06c7ade9695a003563873f08
2157,0.5993834015008446,2156,2,64628e9b9f84eb8654a276b37300f8349f67de1f06c7ade9695a003563873f08
2158,0.6087436522954306,2157,2,64628e9b9f84eb8654a276b37300f8349f67de1f06c7ade9695a003563873f08
2159,0.4393820574932761,2158,2,64628e9b9f84eb8654a276b37300f8349f67de1f06c7ade9695a003563873f08
2160,0.8024595601434896,2159,2,64628e9b9f84eb8654a276b37300f8349f67de1f06c7ade9695a003563873f08
2161,0.7242743022420228,2160,2,64628e9b9f84eb8654a276b37300f8349f67de1f06c7ade9695a003563873f08
2162,0.5807759645394981,2161,2,64628e9b9f84eb8654a276b37300f8349f67de1f06c7ade9695a003563873f08
2163,0.6654471285801264,2162,2,64628e9b9f84eb8654a276b37300f8349f67de1f06c7ade9695a003563873f08
2164,0.6593811463462771,2163,2,64628e9b9f84eb8654a276b37300f8349f67de1f06c7ade9695a003563873f08
2165,0.7424872902702191,2164,2,64628e9b9f84eb8654a276b37300f8349f67de1f06c7ade9695a003563873f08
2166,0.7975442372553516,2165,2,64628e9b9f84eb8654a276b37300f8349f67de1f06c7ade9695a003563873f08
2167,0.6522536053687986,2166,2,64628e9b9f84eb8654a276b37300f8349f67de1f06c7ade9695a003563873f08
2168,0.7045924556587124,2167,2,64628e9b9f84eb8654a276b37300f8349f67de1f06c7ade9695a003563873f08
2169,0.7260518360135393,2168,2,64628e9b9f84eb8654a276b37300f8349f67de1f06c7ade9695a003563873f08
2170,0.6662936997146012,2169,2,64628e9b9f84eb8654a276b37300f8349f67de1f06c7ade9695a003563873f08
2171,0.5417545083863615,2170,2,64628e9b9f84eb8654a276b37300f8349f67de1f06c7ade9695a003563873f08
2172,0.7501259689197468,2171,2,64628e9b9f84eb8654a276b37300f8349f67de1f06c7ade9695a003563873f08
2173,0.899701262707822,2172,2,64628e9b9f84eb8654a276b37300f8349f67de1f06c7ade9695a003563873f08
2174,0.733160925190532,2173,2,64628e9b9f84eb8654a276b37300f8349f67de1f06c7ade9695a003563873f08
2175,0.8490760802815203,2174,2,64628e9b9f84eb8654a276b37300f8349f67de1f06c7ade9695a003563873f08
2176,0.8089058218888567,2175,2,64628e9b9f84eb8654a276b37300f8349f67de1f06c7ade9695a003563873f08
2177,0.8127184335462516,2176,2,64628e9b9f84eb8654a276b37300f8349f67de1f06c7ade9695a003563873f08
2178,0.6721346333797555,2177,2,64628e9b9f84eb8654a276b37300f8349f67de1f06c7ade9695a003563873f08
2179,0.8206696007400751,2178,2,64628e9b9f84eb8654a276b37300f8349f67de1f06c7ade9695a003563873f08
2180,0.6561904977882023,2179,2,64628e9b9f84eb8654a276b37300f8349f67de1f06c7ade9695a003563873f08
2181,0.8314837031794013,2180,2,64628e9b9f84eb8654a276b37300f8349f67de1f06c7ade9695a003563873f08
2182,0.8922572593583027,2181,2,64628e9b9f84eb8654a276b37300f8349f67de1f06c7ade9695a003563873f08
2183,0.7790018450468779,2182,2,64628e9b9f84eb8654a276b37300f8349f67de1f06c7ade9695a003563873f08
2184,0.8502012828976149,2183,2,64628e9b9f84eb8654a276b37300f8349f67de1f06c7ade9695a003563873f08
2185,0.8005711777584565,2184,2,64628e9b9f84eb8654a276b37300f8349f67de1f06c7ade9695a003563873f08
2186,0.6827516147827737,2185,2,64628e9b9f84eb8654a276b37300f8349f67de1f06c7ade9695a003563873f08
2187,0.8179838660004037,2186,2,64628e9b9f84eb8654a276b37300f8349f67de1f06c7ade9695a003563873f08
2188,0.7463470633301768,2187,2,64628e9b9f84eb8654a276b37300f8349f67de1f06c7ade9695a003563873f08
2189,0.6925952165620402,2188,2,64628e9b9f84eb8654a276b37300f8349f67de1f06c7ade9695a003563873f08
2190,0.4616312058006082,2189,2,64628e9b9f84eb8654a276b37300f8349f67de1f06c7ade9695a003563873f08
2191,0.8830549617414363,2190,2,64628e9b9f84eb8654a276b37300f8349f67de1f06c7ade9695a003563873f08
2192,0.6994754042116256,2191,2,64628e9b9f84eb8654a276b37300f8349f67de1f06c7ade9695a003563873f08
2193,0.7310151706060051,2192,2,64628e9b9f84eb8654a276b37300f8349f67de1f06c7ade9695a003563873f08
2194,0.3897061853266641,2193,2,64628e9b9f84eb8654a276b37300f8349f67de1f06c7ade9695a003563873f08
2195,0.7847325904567697,2194,2,64628e9b9f84eb8654a276b37300f8349f67de1f06c7ade9695a003563873f08
2196,0.8197461402742192,2195,2,64628e9b9f84eb8654a276b37300f8349f67de1f06c7ade9695a003563873f08
2197,0.9004808122990653,2196,2,64628e9b9f84eb8654a276b37300f8349f67de1f06c7ade9695a003563873f08
2198,0.4210588588265527,2197,2,64628e9b9f84eb8654a276b37300f8349f67de1f06c7ade9695a003563873f08
2199,0.7020709243042802,2198,2,64628e9b9f84eb8654a276b37300f8349f67de1f06c7ade9695a003563873f08
2200,0.8378170860833052,2199,2,64628e9b9f84eb8654a276b37300f8349f67de1f06c7ade9695a003563873f08
2201,0.713350949652142,2200,2,64628e9b9f84eb8654a276b37300f8349f67de1f06c7ade9695a003563873f08
2202,0.4541511831239622,2201,2,64628e9b9f84eb8654a276b37300f8349f67de1f06c7ade9695a003563873f08
2203,0.6667027528092149,2202,2,64628e9b9f84eb8654a276b37300f8349f67de1f06c7ade9695a003563873f08
2204,0.8501497307079262,2203,2,64628e9b9f84eb8654a276b37300f8349f67de1f06c7ade9695a003563873f08
2205,0.6907620005081299,2204,2,64628e9b9f84eb8654a276b37300f8349f67de1f06c7ade9695a003563873f08
2206,0.8549091932363808,2205,2,64628e9b9f84eb8654a276b37300f8349f67de1f06c7ade9695a003563873f08
2207,0.5099645325288122,2206,2,64628e9b9f84eb8654a276b37300f8349f67de1f06c7ade9695a003563873f08
2208,0.6588086942439304,2207,2,64628e9b9f84eb8654a276b37300f8349f67de1f06c7ade9695a003563873f08
2209,0.7773641569721073,2208,2,64628e9b9f84eb8654a276b37300f8349f67de1f06c7ade9695a003563873f08
2210,0.6436115528491406,2209,2,64628e9b9f84eb8654a276b37300f8349f67de1f06c7ade9695a003563873f08
2211,0.6552149008656443,2210,2,64628e9b9f84eb8654a276b37300f8349f67de1f06c7ade9695a003563873f08
2212,0.6803886600464466,2211,2,64628e9b9f84eb8654a276b37300f8349f67de1f06c7ade9695a003563873f08
2213,0.7242260444434123,2212,2,64628e9b9f84eb8654a276b37300f8349f67de1f06c7ade9695a003563873f08
2214,0.6350828960522392,2213,2,64628e9b9f84eb8654a276b37300f8349f67de1f06c7ade9695a003563873f08
2215,0.5760467336530695,2214,2,64628e9b9f84eb8654a276b37300f8349f67de1f06c7ade9695a003563873f08
2216,0.8918939854556811,2215,2,64628e9b9f84eb8654a276b37300f8349f67de1f06c7ade9695a003563873f08
2217,0.8256300949797151,2216,2,64628e9b9f84eb8654a276b37300f8349f67de1f06c7ade9695a003563873f08
2218,0.6308982134427339,2217,2,64628e9b9f84eb8654a276b37300f8349f67de1f06c7ade9695a003563873f08
2219,0.8369956015430944,2218,2,64628e9b9f84eb8654a276b37300f8349f67de1f06c7ade9695a003563873f08
2220,0.8742012952374125,2219,2,64628e9b9f84eb8654a276b37300f8349f67de1f06c7ade9695a003563873f08
2221,0.6584069086457021,2220,2,64628e9b9f84eb8654a276b37300f8349f67de1f06c7ade9695a003563873f08
2222,0.7637757422253344,2221,2,64628e9b9f84eb8654a276b37300f8349f67de1f06c7ade9695a003563873f08
2223,0.6358144738458122,2222,2,64628e9b9f84eb8654a276b37300f8349f67de1f06c7ade9695a003563873f08
2224,0.4355920219540863,2223,2,64628e9b9f84eb8654a276b37300f8349f67de1f06c7ade9695a003563873f08
2225,0.677678386651678,2224,2,64628e9b9f84eb8654a276b37300f8349f67de1f06c7ade9695a003563873f08
2226,0.7894408335996559,2225,2,64628e9b9f84eb8654a276b37300f8349f67de1f06c7ade9695a003563873f08
2227,0.751308754515776,2226,2,64628e9b9f84eb8654a276b37300f8349f67de1f06c7ade9695a003563873f08
2228,0.8440859360998729,2227,2,64628e9b9f84eb8654a276b37300f8349f67de1f06c7ade9695a003563873f08
2229,0.5917607693209614,2228,2,64628e9b9f84eb8654a276b37300f8349f67de1f06c7ade9695a003563873f08
2230,0.6316771662095562,2229,2,64628e9b9f84eb8654a276b37300f8349f67de1f06c7ade9695a003563873f08
2231,0.5865743615140673,2230,2,64628e9b9f84eb8654a276b37300f8349f67de1f06c7ade9695a003563873f08
2232,0.769809666013785,2231,2,64628e9b9f84eb8654a276b37300f8349f67de1f06c7ade9695a003563873f08
2233,0.634907456482324,2232,2,64628e9b9f84eb8654a276b37300f8349f67de1f06c7ade9695a003563873f08
2234,0.7861716641937164,2233,2,64628e9b9f84eb8654a276b37300f8349f67de1f06c7ade9695a003563873f08
2235,0.8624944258481264,2234,2,64628e9b9f84eb8654a276b37300f8349f67de1f06c7ade9695a003563873f08
2236,0.7840118836902548,2235,2,64628e9b9f84eb8654a276b37300f8349f67de1f06c7ade9695a003563873f08
2237,0.7365354801313515,2236,2,64628e9b9f84eb8654a276b37300f8349f67de1f06c7ade9695a003563873f08
2238,0.6602886928462794,2237,2,64628e9b9f84eb8654a276b37300f8349f67de1f06c7ade9695a003563873f08
2239,0.7292694068437413,2238,2,64628e9b9f84eb8654a276b37300f8349f67de1f06c7ade9695a003563873f08
2240,0.5139835329529346,2239,2,64628e9b9f84eb8654a276b37300f8349f67de1f06c7ade9695a003563873f08
2241,0.7351583776835469,2240,2,64628e9b9f84eb8654a276b37300f8349f67de1f06c7ade9695a003563873f08
2242,0.6566558630074724,2241,2,64628e9b9f84eb8654a276b37300f8349f67de1f06c7ade9695a003563873f08
2243,0.7294151904934552,2242,2,64628e9b9f84eb8654a276b37300f8349f67de1f06c7ade9695a003563873f08
2244,0.8691602898979909,2243,2,64628e9b9f84eb8654a276b37300f8349f67de1f06c7ade9695a003563873f08
2245,0.7617693006227816,2244,2,64628e9b9f84eb8654a276b37300f8349f67de1f06c7ade9695a003563873f08
2246,0.5770820602627396,2245,2,64628e9b9f84eb8654a276b37300f8349f67de1f06c7ade9695a003563873f08
2247,0.6603024028659092,2246,2,64628e9b9f84eb8654a276b37300f8349f67de1f06c7ade9695a003563873f08
2248,0.5914530184456339,2247,2,64628e9b9f84eb8654a276b37300f8349f67de1f06c7ade9695a003563873f08
2249,0.7692372940528003,2248,2,64628e9b9f84eb8654a276b37300f8349f67de1f06c7ade9695a003563873f08
2250,0.7729694249983368,2249,2,64628e9b9f84eb8654a276b37300f8349f67de1f06c7ade9695a003563873f08
2251,0.7851350672717672,2250,2,64628e9b9f84eb8654a276b37300f8349f67de1f06c7ade9695a003563873f08
2252,0.6278599851357285,2251,2,64628e9b9f84eb8654a276b37300f8349f67de1f06c7ade9695a003563873f08
2253,0.6498934916608725,2252,2,64628e9b9f84eb8654a276b37300f8349f67de1f06c7ade9695a003563873f08
2254,0.8658165943052154,2253,2,64628e9b9f84eb8654a276b37300f8349f67de1f06c7ade9695a003563873f08
2255,0.796975619312505,2254,2,64628e9b9f84eb8654a276b37300f8349f67de1f06c7ade9695a003563873f08
2256,0.7073837341822582,2255,2,64628e9b9f84eb8654a276b37300f8349f67de1f06c7ade9695a003563873f08
2257,0.8343954513111385,2256,2,64628e9b9f84eb8654a276b37300f8349f67de1f06c7ade9695a003563873f08
2258,0.5903887308429028,2257,2,64628e9b9f84eb8654a276b37300f8349f67de1f06c7ade9695a003563873f08
2259,0.8162216776545392,2258,2,64628e9b9f84eb8654a276b37300f8349f67de1f06c7ade9695a003563873f08
2260,0.7546916084247641,2259,2,64628e9b9f84eb8654a276b37300f8349f67de1f06c7ade9695a003563873f08
2261,0.813566197172749,2260,2,64628e9b9f84eb8654a276b37300f8349f67de1f06c7ade9695a003563873f08
2262,0.745202263903904,2261,2,64628e9b9f84eb8654a276b37300f8349f67de1f06c7ade9695a003563873f08
2263,0.7332816122216173,2262,2,64628e9b9f84eb8654a276b37300f8349f67de1f06c7ade9695a003563873f08
2264,0.7239098432642095,2263,2,64628e9b9f84eb8654a276b37300f8349f67de1f06c7ade9695a003563873f08
2265,0.850422897191649,2264,2,64628e9b9f84eb8654a276b37300f8349f67de1f06c7ade9695a003563873f08
2266,0.5922877628241459,2265,2,64628e9b9f84eb8654a276b37300f8349f67de1f06c7ade9695a003563873f08
2267,0.7378058043404963,2266,2,64628e9b9f84eb8654a276b37300f8349f67de1f06c7ade9695a003563873f08
2268,0.8203631589713041,2267,2,64628e9b9f84eb8654a276b37300f8349f67de1f06c7ade9695a003563873f08
2269,0.9055648774956352,2268,2,64628e9b9f84eb8654a276b37300f8349f67de1f06c7ade9695a003563873f08
2270,0.7771311262622476,2269,2,64628e9b9f84eb8654a276b37300f8349f67de1f06c7ade9695a003563873f08
2271,0.6571179316169378,2270,2,64628e9b9f84eb8654a276b37300f8349f67de1f06c7ade9695a003563873f08
2272,0.7559851287223864,2271,2,64628e9b9f84eb8654a276b37300f8349f67de1f06c7ade9695a003563873f08
2273,0.5951421777943795,2272,2,64628e9b9f84eb8654a276b37300f8349f67de1f06c7ade9695a003563873f08
2274,0.5642227960392461,2273,2,64628e9b9f84eb8654a276b37300f8349f67de1f06c7ade9695a003563873f08
2275,0.6750856739393214,2274,2,64628e9b9f84eb8654a276b37300f8349f67de1f06c7ade9695a003563873f08
2276,0.7080241398155209,2275,2,64628e9b9f84eb8654a276b37300f8349f67de1f06c7ade9695a003563873f08
2277,0.8471719778608531,2276,2,64628e9b9f84eb8654a276b37300f8349f67de1f06c7ade9695a003563873f08
2278,0.8230970277218148,2277,2,64628e9b9f84eb8654a276b37300f8349f67de1f06c7ade9695a003563873f08
2279,0.7185848305816762,2278,2,64628e9b9f84eb8654a276b37300f8349f67de1f06c7ade9695a003563873f08
2280,0.8675704907059298,2279,2,64628e9b9f84eb8654a276b37300f8349f67de1f06c7ade9695a003563873f08
2281,0.6690056143561378,2280,2,64628e9b9f84eb8654a276b37300f8349f67de1f06c7ade9695a003563873f08
2282,0.7487508031336176,2281,2,64628e9b9f84eb8654a276b37300f8349f67de1f06c7ade9695a003563873f08
2283,0.5670690260965456,2282,2,64628e9b9f84eb8654a276b37300f8349f67de1f06c7ade9695a003563873f08
2284,0.7288459635788058,2283,2,64628e9b9f84eb8654a276b37300f8349f67de1f06c7ade9695a003563873f08
2285,0.8215235788168513,2284,2,64628e9b9f84eb8654a276b37300f8349f67de1f06c7ade9695a003563873f08
2286,0.71825933027867,2285,2,64628e9b9f84eb8654a276b37300f8349f67de1f06c7ade9695a003563873f08
2287,0.7714219930289932,2286,2,64628e9b9f84eb8654a276b37300f8349f67de1f06c7ade9695a003563873f08
2288,0.5987474621797446,2287,2,64628e9b9f84eb8654a276b37300f8349f67de1f06c7ade9695a003563873f08
2289,0.8637088445830159,2288,2,64628e9b9f84eb8654a276b37300f8349f67de1f06c7ade9695a003563873f08
2290,0.8378957451786846,2289,2,64628e9b9f84eb8654a276b37300f8349f67de1f06c7ade9695a003563873f08
2291,0.859036234265659,2290,2,64628e9b9f84eb8654a276b37300f8349f67de1f06c7ade9695a003563873f08
2292,0.6588121342922554,2291,2,64628e9b9f84eb8654a276b37300f8349f67de1f06c7ade9695a003563873f08
2293,0.5713394324016803,2292,2,64628e9b9f84eb8654a276b37300f8349f67de1f06c7ade9695a003563873f08
2294,0.5717837378655872,2293,2,64628e9b9f84eb8654a276b37300f8349f67de1f06c7ade9695a003563873f08
2295,0.7360853102291003,2294,2,64628e9b9f84eb8654a276b37300f8349f67de1f06c7ade9695a003563873f08
2296,0.7190682394229952,2295,2,64628e9b9f84eb8654a276b37300f8349f67de1f06c7ade9695a003563873f08
2297,0.7844404553882214,2296,2,64628e9b9f84eb8654a276b37300f8349f67de1f06c7ade9695a003563873f08
2298,0.7453975388357961,2297,2,64628e9b9f84eb8654a276b37300f8349f67de1f06c7ade9695a003563873f08
2299,0.649621426152521,2298,2,64628e9b9f84eb8654a276b37300f8349f67de1f06c7ade9695a003563873f08
2300,0.8044813004222533,2299,2,64628e9b9f84eb8654a276b37300f8349f67de1f06c7ade9695a003563873f08
2301,0.6705477910581976,2300,2,64628e9b9f84eb8654a276b37300f8349f67de1f06c7ade9695a003563873f08
2302,0.915012514218688,2301,2,64628e9b9f84eb8654a276b37300f8349f67de1f06c7ade9695a003563873f08
2303,0.7133231102197897,2302,2,64628e9b9f84eb8654a276b37300f8349f67de1f06c7ade9695a003563873f08
2304,0.6392742419734119,2303,2,64628e9b9f84eb8654a276b37300f8349f67de1f06c7ade9695a003563873f08
2305,0.5999924198930334,2304,2,64628e9b9f84eb8654a276b37300f8349f67de1f06c7ade9695a003563873f08
2306,0.733866636059247,2305,2,64628e9b9f84eb8654a276b37300f8349f67de1f06c7ade9695a003563873f08
2307,0.8740566847845912,2306,2,64628e9b9f84eb8654a276b37300f8349f67de1f06c7ade9695a003563873f08
2308,0.6175264217665091,2307,2,64628e9b9f84eb8654a276b37300f8349f67de1f06c7ade9695a003563873f08
2309,0.4950289910811358,2308,2,64628e9b9f84eb8654a276b37300f8349f67de1f06c7ade9695a003563873f08
2310,0.4678591062503869,2309,2,64628e9b9f84eb8654a276b37300f8349f67de1f06c7ade9695a003563873f08
2311,0.6470209537947085,2310,2,64628e9b9f84eb8654a276b37300f8349f67de1f06c7ade9695a003563873f08
2312,0.7457671643896902,2311,2,64628e9b9f84eb8654a276b37300f8349f67de1f06c7ade9695a003563873f08
2313,0.8910958326887339,2312,2,64628e9b9f84eb8654a276b37300f8349f67de1f06c7ade9695a003563873f08
2314,0.8353706391062587,2313,2,64628e9b9f84eb8654a276b37300f8349f67de1f06c7ade9695a003563873f08
2315,0.7358785517628803,2314,2,64628e9b9f84eb8654a276b37300f8349f67de1f06c7ade9695a003563873f08
2316,0.8374215275953247,2315,2,64628e9b9f84eb8654a276b37300f8349f67de1f06c7ade9695a003563873f08
2317,0.615131552688096,2316,2,64628e9b9f84eb8654a276b37300f8349f67de1f06c7ade9695a003563873f08
2318,0.7242063941557717,2317,2,64628e9b9f84eb8654a276b37300f8349f67de1f06c7ade9695a003563873f08
2319,0.8027880987376648,2318,2,64628e9b9f84eb8654a276b37300f8349f67de1f06c7ade9695a003563873f08
2320,0.8042483547674086,2319,2,64628e9b9f84eb8654a276b37300f8349f67de1f06c7ade9695a003563873f08
2321,0.4958169288561009,2320,2,64628e9b9f84eb8654a276b37300f8349f67de1f06c7ade9695a003563873f08
2322,0.8615821921077327,2321,2,64628e9b9f84eb8654a276b37300f8349f67de1f06c7ade9695a003563873f08
2323,0.6763271418442423,2322,2,64628e9b9f84eb8654a276b37300f8349f67de1f06c7ade9695a003563873f08
2324,0.7753718439437378,2323,2,64628e9b9f84eb8654a276b37300f8349f67de1f06c7ade9695a003563873f08
2325,0.7609217803892534,2324,2,64628e9b9f84eb8654a276b37300f8349f67de1f06c7ade9695a003563873f08
2326,0.7679833325419168,2325,2,64628e9b9f84eb8654a276b37300f8349f67de1f06c7ade9695a003563873f08
2327,0.5733324269749573,2326,2,64628e9b9f84eb8654a276b37300f8349f67de1f06c7ade9695a003563873f08
2328,0.6725175719013485,2327,2,64628e9b9f84eb8654a276b37300f8349f67de1f06c7ade9695a003563873f08
2329,0.5500607749490882,2328,2,64628e9b9f84eb8654a276b37300f8349f67de1f06c7ade9695a003563873f08
2330,0.7698761631982052,2329,2,64628e9b9f84eb8654a276b37300f8349f67de1f06c7ade9695a003563873f08
2331,0.7015978489003061,2330,2,64628e9b9f84eb8654a276b37300f8349f67de1f06c7ade9695a003563873f08
2332,0.7082809611674747,2331,2,64628e9b9f84eb8654a276b37300f8349f67de1f06c7ade9695a003563873f08
2333,0.7897189810610143,2332,2,64628e9b9f84eb8654a276b37300f8349f67de1f06c7ade9695a003563873f08
2334,0.5456889284539841,2333,2,64628e9b9f84eb8654a276b37300f8349f67de1f06c7ade9695a003563873f08
2335,0.6337311172493862,2334,2,64628e9b9f84eb8654a276b37300f8349f67de1f06c7ade9695a003563873f08
2336,0.6104895431997628,2335,2,64628e9b9f84eb8654a276b37300f8349f67de1f06c7ade9695a003563873f08
2337,0.5421374312531952,2336,2,64628e9b9f84eb8654a276b37300f8349f67de1f06c7ade9695a003563873f08
2338,0.7290367367922954,2337,2,64628e9b9f84eb8654a276b37300f8349f67de1f06c7ade9695a003563873f08
2339,0.8456343589105018,2338,2,64628e9b9f84eb8654a276b37300f8349f67de1f06c7ade9695a003563873f08
2340,0.81286306149795,2339,2,64628e9b9f84eb8654a276b37300f8349f67de1f06c7ade9695a003563873f08
2341,0.6320744729597436,2340,2,64628e9b9f84eb8654a276b37300f8349f67de1f06c7ade9695a003563873f08
2342,0.5558812904002808,2341,2,64628e9b9f84eb8654a276b37300f8349f67de1f06c7ade9695a003563873f08
2343,0.8407302558771335,2342,2,64628e9b9f84eb8654a276b37300f8349f67de1f06c7ade9695a003563873f08
2344,0.7373436621855944,2343,2,64628e9b9f84eb8654a276b37300f8349f67de1f06c7ade9695a003563873f08
2345,0.6162729997922725,2344,2,64628e9b9f84eb8654a276b37300f8349f67de1f06c7ade9695a003563873f08
2346,0.7949858324110579,2345,2,64628e9b9f84eb8654a276b37300f8349f67de1f06c7ade9695a003563873f08
2347,0.7138560587050051,2346,2,64628e9b9f84eb8654a276b37300f8349f67de1f06c7ade9695a003563873f08
2348,0.8376898219249824,2347,2,64628e9b9f84eb8654a276b37300f8349f67de1f06c7ade9695a003563873f08
2349,0.5887310455370764,2348,2,64628e9b9f84eb8654a276b37300f8349f67de1f06c7ade9695a003563873f08
2350,0.7146440397482365,2349,2,64628e9b9f84eb8654a276b37300f8349f67de1f06c7ade9695a003563873f08
2351,0.6536588593054499,2350,2,64628e9b9f84eb8654a276b37300f8349f67de1f06c7ade9695a003563873f08
2352,0.6642610121669323,2351,2,64628e9b9f84eb8654a276b37300f8349f67de1f06c7ade9695a003563873f08
2353,0.5365112966028391,2352,2,64628e9b9f84eb8654a276b37300f8349f67de1f06c7ade9695a003563873f08
2354,0.7085941233990525,2353,2,64628e9b9f84eb8654a276b37300f8349f67de1f06c7ade9695a003563873f08
2355,0.6567725058799443,2354,2,64628e9b9f84eb8654a276b37300f8349f67de1f06c7ade9695a003563873f08
2356,0.6129557364201901,2355,2,64628e9b9f84eb8654a276b37300f8349f67de1f06c7ade9695a003563873f08
2357,0.7731512590942202,2356,2,64628e9b9f84eb8654a276b37300f8349f67de1f06c7ade9695a003563873f08
2358,0.7074553765261624,2357,2,64628e9b9f84eb8654a276b37300f8349f67de1f06c7ade9695a003563873f08
2359,0.4221447492309806,2358,2,64628e9b9f84eb8654a276b37300f8349f67de1f06c7ade9695a003563873f08
2360,0.6372725375460173,2359,2,64628e9b9f84eb8654a276b37300f8349f67de1f06c7ade9695a003563873f08
2361,0.8335385146201588,2360,2,64628e9b9f84eb8654a276b37300f8349f67de1f06c7ade9695a003563873f08
2362,0.8528698800946586,2361,2,64628e9b9f84eb8654a276b37300f8349f67de1f06c7ade9695a003563873f08
2363,0.6559643294756645,2362,2,64628e9b9f84eb8654a276b37300f8349f67de1f06c7ade9695a003563873f08
2364,0.7776806828491267,2363,2,64628e9b9f84eb8654a276b37300f8349f67de1f06c7ade9695a003563873f08
2365,0.8719311045715585,2364,2,64628e9b9f84eb8654a276b37300f8349f67de1f06c7ade9695a003563873f08
2366,0.7988497295882553,2365,2,64628e9b9f84eb8654a276b37300f8349f67de1f06c7ade9695a003563873f08
2367,0.7196830926773782,2366,2,64628e9b9f84eb8654a276b37300f8349f67de1f06c7ade9695a003563873f08
2368,0.5931560271691865,2367,2,64628e9b9f84eb8654a276b37300f8349f67de1f06c7ade9695a003563873f08
2369,0.8429696120438166,2368,2,64628e9b9f84eb8654a276b37300f8349f67de1f06c7ade9695a003563873f08
2370,0.8093624202301726,2369,2,64628e9b9f84eb8654a276b37300f8349f67de1f06c7ade9695a003563873f08
2371,0.8402439229976153,2370,2,64628e9b9f84eb8654a276b37300f8349f67de1f06c7ade9695a003563873f08
2372,0.7666106136739472,2371,2,64628e9b9f84eb8654a276b37300f8349f67de1f06c7ade9695a003563873f08
2373,0.7080046327080431,2372,2,64628e9b9f84eb8654a276b37300f8349f67de1f06c7ade9695a003563873f08
2374,0.7576485250646852,2373,2,64628e9b9f84eb8654a276b37300f8349f67de1f06c7ade9695a003563873f08
2375,0.8073492248076946,2374,2,64628e9b9f84eb8654a276b37300f8349f67de1f06c7ade9695a003563873f08
2376,0.7073292582329032,2375,2,64628e9b9f84eb8654a276b37300f8349f67de1f06c7ade9695a003563873f08
2377,0.8373013302043546,2376,2,64628e9b9f84eb8654a276b37300f8349f67de1f06c7ade9695a003563873f08
2378,0.7390556492318865,2377,2,64628e9b9f84eb8654a276b37300f8349f67de1f06c7ade9695a003563873f08
2379,0.7673992849304341,2378,2,64628e9b9f84eb8654a276b37300f8349f67de1f06c7ade9695a003563873f08
2380,0.4593523752473629,2379,2,64628e9b9f84eb8654a276b37300f8349f67de1f06c7ade9695a003563873f08
2381,0.6584155762048487,2380,2,64628e9b9f84eb8654a276b37300f8349f67de1f06c7ade9695a003563873f08
2382,0.7082850262868305,2381,2,64628e9b9f84eb8654a276b37300f8349f67de1f06c7ade9695a003563873f08
2383,0.5611096031039438,2382,2,64628e9b9f84eb8654a276b37300f8349f67de1f06c7ade9695a003563873f08
2384,0.8444981712068635,2383,2,64628e9b9f84eb8654a276b37300f8349f67de1f06c7ade9695a003563873f08
2385,0.73618687024873,2384,2,64628e9b9f84eb8654a276b37300f8349f67de1f06c7ade9695a003563873f08
2386,0.5290126946189844,2385,2,64628e9b9f84eb8654a276b37300f8349f67de1f06c7ade9695a003563873f08
2387,0.7369855082652066,2386,2,64628e9b9f84eb8654a276b37300f8349f67de1f06c7ade9695a003563873f08
2388,0.8464823847752996,2387,2,64628e9b9f84eb8654a276b37300f8349f67de1f06c7ade9695a003563873f08
2389,0.7753082478713509,2388,2,64628e9b9f84eb8654a276b37300f8349f67de1f06c7ade9695a003563873f08
2390,0.4387406620662659,2389,2,64628e9b9f84eb8654a276b37300f8349f67de1f06c7ade9695a003563873f08
2391,0.7957752113133911,2390,2,64628e9b9f84eb8654a276b37300f8349f67de1f06c7ade9695a003563873f08
2392,0.6439530840372072,2391,2,64628e9b9f84eb8654a276b37300f8349f67de1f06c7ade9695a003563873f08
2393,0.4454270501773862,2392,2,64628e9b9f84eb8654a276b37300f8349f67de1f06c7ade9695a003563873f08
2394,0.6706669839807091,2393,2,64628e9b9f84eb8654a276b37300f8349f67de1f06c7ade9695a003563873f08
2395,0.591508901285124,2394,2,64628e9b9f84eb8654a276b37300f8349f67de1f06c7ade9695a003563873f08
2396,0.9449304603040218,2395,2,64628e9b9f84eb8654a276b37300f8349f67de1f06c7ade9695a003563873f08
2397,0.4874575978683424,2396,2,64628e9b9f84eb8654a276b37300f8349f67de1f06c7ade9695a003563873f08
2398,0.7632466399971918,2397,2,64628e9b9f84eb8654a276b37300f8349f67de1f06c7ade9695a003563873f08
2399,0.5981019723603822,2398,2,64628e9b9f84eb8654a276b37300f8349f67de1f06c7ade9695a003563873f08
2400,0.7205468506290345,2399,2,64628e9b9f84eb8654a276b37300f8349f67de1f06c7ade9695a003563873f08
2401,0.8452401256654412,2400,2,64628e9b9f84eb8654a276b37300f8349f67de1f06c7ade9695a003563873f08
2402,0.779922584653832,2401,2,64628e9b9f84eb8654a276b37300f8349f67de1f06c7ade9695a003563873f08
2403,0.7802661583303205,2402,2,64628e9b9f84eb8654a276b37300f8349f67de1f06c7ade9695a003563873f08
2404,0.6046880910164185,2403,2,64628e9b9f84eb8654a276b37300f8349f67de1f06c7ade9695a003563873f08
2405,0.7710962927030778,2404,2,64628e9b9f84eb8654a276b37300f8349f67de1f06c7ade9695a003563873f08
2406,0.5439052564875055,2405,2,64628e9b9f84eb8654a276b37300f8349f67de1f06c7ade9695a003563873f08
2407,0.7189360476913862,2406,2,64628e9b9f84eb8654a276b37300f8349f67de1f06c7ade9695a003563873f08
2408,0.6189609792199917,2407,2,64628e9b9f84eb8654a276b37300f8349f67de1f06c7ade9695a003563873f08
2409,0.7640950222266838,2408,2,64628e9b9f84eb8654a276b37300f8349f67de1f06c7ade9695a003563873f08
2410,0.7469369121844238,2409,2,64628e9b9f84eb8654a276b37300f8349f67de1f06c7ade9695a003563873f08
2411,0.8835294038290158,2410,2,64628e9b9f84eb8654a276b37300f8349f67de1f06c7ade9695a003563873f08
2412,0.691384388555889,2411,2,64628e9b9f84eb8654a276b37300f8349f67de1f06c7ade9695a003563873f08
2413,0.7248993592825155,2412,2,64628e9b9f84eb8654a276b37300f8349f67de1f06c7ade9695a003563873f08
2414,0.7469204642402474,2413,2,64628e9b9f84eb8654a276b37300f8349f67de1f06c7ade9695a003563873f08
2415,0.8026934758818243,2414,2,64628e9b9f84eb8654a276b37300f8349f67de1f06c7ade9695a003563873f08
2416,0.7632751319579256,2415,2,64628e9b9f84eb8654a276b37300f8349f67de1f06c7ade9695a003563873f08
2417,0.7448606945035863,2416,2,64628e9b9f84eb8654a276b37300f8349f67de1f06c7ade9695a003563873f08
2418,0.8750751209154259,2417,2,64628e9b9f84eb8654a276b37300f8349f67de1f06c7ade9695a003563873f08
2419,0.7948526599211618,2418,2,64628e9b9f84eb8654a276b37300f8349f67de1f06c7ade9695a003563873f08
2420,0.5983110864614218,2419,2,64628e9b9f84eb8654a276b37300f8349f67de1f06c7ade9695a003563873f08
2421,0.6217405766620914,2420,2,64628e9b9f84eb8654a276b37300f8349f67de1f06c7ade9695a003563873f08
2422,0.5008965261660023,2421,2,64628e9b9f84eb8654a276b37300f8349f67de1f06c7ade9695a003563873f08
2423,0.7189598179102177,2422,2,64628e9b9f84eb8654a276b37300f8349f67de1f06c7ade9695a003563873f08
2424,0.6617349196167197,2423,2,64628e9b9f84eb8654a276b37300f8349f67de1f06c7ade9695a003563873f08
2425,0.6739622065932473,2424,2,64628e9b9f84eb8654a276b37300f8349f67de1f06c7ade9695a003563873f08
2426,0.7646070461996715,2425,2,64628e9b9f84eb8654a276b37300f8349f67de1f06c7ade9695a003563873f08
2427,0.7913616308360361,2426,2,64628e9b9f84eb8654a276b37300f8349f67de1f06c7ade9695a003563873f08
2428,0.739035505577931,2427,2,64628e9b9f84eb8654a276b37300f8349f67de1f06c7ade9695a003563873f08
2429,0.5829651642407043,2428,2,64628e9b9f84eb8654a276b37300f8349f67de1f06c7ade9695a003563873f08
2430,0.7045432947552683,2429,2,64628e9b9f84eb8654a276b37300f8349f67de1f06c7ade9695a003563873f08
2431,0.8093668275832897,2430,2,64628e9b9f84eb8654a276b37300f8349f67de1f06c7ade9695a003563873f08
2432,0.6672586013320867,2431,2,64628e9b9f84eb8654a276b37300f8349f67de1f06c7ade9695a003563873f08
2433,0.7429692890727893,2432,2,64628e9b9f84eb8654a276b37300f8349f67de1f06c7ade9695a003563873f08
2434,0.6313192152156262,2433,2,64628e9b9f84eb8654a276b37300f8349f67de1f06c7ade9695a003563873f08
2435,0.6221377616988235,2434,2,64628e9b9f84eb8654a276b37300f8349f67de1f06c7ade9695a003563873f08
2436,0.884472036108491,2435,2,64628e9b9f84eb8654a276b37300f8349f67de1f06c7ade9695a003563873f08
2437,0.9174437642250268,2436,2,64628e9b9f84eb8654a276b37300f8349f67de1f06c7ade9695a003563873f08
2438,0.6542294178992378,2437,2,64628e9b9f84eb8654a276b37300f8349f67de1f06c7ade9695a003563873f08
2439,0.6803539000133405,2438,2,64628e9b9f84eb8654a276b37300f8349f67de1f06c7ade9695a003563873f08
2440,0.7431816354728653,2439,2,64628e9b9f84eb8654a276b37300f8349f67de1f06c7ade9695a003563873f08
2441,0.5331084530735097,2440,2,64628e9b9f84eb8654a276b37300f8349f67de1f06c7ade9695a003563873f08
2442,0.7689752438394972,2441,2,64628e9b9f84eb8654a276b37300f8349f67de1f06c7ade9695a003563873f08
2443,0.8338187871268019,2442,2,284a837d2d319f35476eeef77cbb3214d545644cad13c5378b1a29714e37f6c1
2444,0.8511627281550318,2443,2,284a837d2d319f35476eeef77cbb3214d545644cad13c5378b1a29714e37f6c1
2445,0.7670974397164372,2444,2,284a837d2d319f35476eeef77cbb3214d545644cad13c5378b1a29714e37f6c1
2446,0.6139523806546094,2445,2,284a837d2d319f35476eeef77cbb3214d545644cad13c5378b1a29714e37f6c1
2447,0.7774223524804575,2446,2,284a837d2d319f35476eeef77cbb3214d545644cad13c5378b1a29714e37f6c1
2448,0.7434734311536886,2447,2,284a837d2d319f35476eeef77cbb3214d545644cad13c5378b1a29714e37f6c1
2449,0.6760219981659201,2448,2,284a837d2d319f35476eeef77cbb3214d545644cad13c5378b1a29714e37f6c1
2450,0.8433635076967221,2449,2,284a837d2d319f35476eeef77cbb3214d545644cad13c5378b1a29714e37f6c1
2451,0.4913661220289214,2450,2,284a837d2d319f35476eeef77cbb3214d545644cad13c5378b1a29714e37f6c1
2452,0.8533740974962711,2451,2,284a837d2d319f35476eeef77cbb3214d545644cad13c5378b1a29714e37f6c1
2453,0.8761455549392849,2452,2,284a837d2d319f35476eeef77cbb3214d545644cad13c5378b1a29714e37f6c1
2454,0.7522065684606787,2453,2,284a837d2d319f35476eeef77cbb3214d545644cad13c5378b1a29714e37f6c1
2455,0.6288805056636022,2454,2,284a837d2d319f35476eeef77cbb3214d545644cad13c5378b1a29714e37f6c1
2456,0.7197308955759469,2455,2,284a837d2d319f35476eeef77cbb3214d545644cad13c5378b1a29714e37f6c1
2457,0.712269150240104,2456,2,284a837d2d319f35476eeef77cbb3214d545644cad13c5378b1a29714e37f6c1
2458,0.8653782495675841,2457,2,284a837d2d319f35476eeef77cbb3214d545644cad13c5378b1a29714e37f6c1
2459,0.7603621250455035,2458,2,284a837d2d319f35476eeef77cbb3214d545644cad13c5378b1a29714e37f6c1
2460,0.7844196530641057,2459,2,284a837d2d319f35476eeef77cbb3214d545644cad13c5378b1a29714e37f6c1
2461,0.9086214906419628,2460,2,284a837d2d319f35476eeef77cbb3214d545644cad13c5378b1a29714e37f6c1
2462,0.8635906123527093,2461,2,284a837d2d319f35476eeef77cbb3214d545644cad13c5378b1a29714e37f6c1
2463,0.7795759799228108,2462,2,284a837d2d319f35476eeef77cbb3214d545644cad13c5378b1a29714e37f6c1
2464,0.8140049547073431,2463,2,284a837d2d319f35476eeef77cbb3214d545644cad13c5378b1a29714e37f6c1
2465,0.8545842778413544,2464,2,284a837d2d319f35476eeef77cbb3214d545644cad13c5378b1a29714e37f6c1
2466,0.7947062383173034,2465,2,284a837d2d319f35476eeef77cbb3214d545644cad13c5378b1a29714e37f6c1
2467,0.7490931153943166,2466,2,284a837d2d319f35476eeef77cbb3214d545644cad13c5378b1a29714e37f6c1
2468,0.6925689873424687,2467,2,284a837d2d319f35476eeef77cbb3214d545644cad13c5378b1a29714e37f6c1
2469,0.7142670301658853,2468,2,284a837d2d319f35476eeef77cbb3214d545644cad13c5378b1a29714e37f6c1
2470,0.7410832684254274,2469,2,284a837d2d319f35476eeef77cbb3214d545644cad13c5378b1a29714e37f6c1
2471,0.9042289161988322,2470,2,284a837d2d319f35476eeef77cbb3214d545644cad13c5378b1a29714e37f6c1
2472,0.676871055358788,2471,2,284a837d2d319f35476eeef77cbb3214d545644cad13c5378b1a29714e37f6c1
2473,0.7869477669664775,2472,2,284a837d2d319f35476eeef77cbb3214d545644cad13c5378b1a29714e37f6c1
2474,0.7282135617670065,2473,2,284a837d2d319f35476eeef77cbb3214d545644cad13c5378b1a29714e37f6c1
2475,0.715770143253394,2474,2,284a837d2d319f35476eeef77cbb3214d545644cad13c5378b1a29714e37f6c1
2476,0.7397921644337675,2475,2,284a837d2d319f35476eeef77cbb3214d545644cad13c5378b1a29714e37f6c1
2477,0.7685999642817478,2476,2,284a837d2d319f35476eeef77cbb3214d545644cad13c5378b1a29714e37f6c1
2478,0.7885491353163161,2477,2,284a837d2d319f35476eeef77cbb3214d545644cad13c5378b1a29714e37f6c1
2479,0.7245537413145939,2478,2,284a837d2d319f35476eeef77cbb3214d545644cad13c5378b1a29714e37f6c1
2480,0.7845006787683815,2479,2,284a837d2d319f35476eeef77cbb3214d545644cad13c5378b1a29714e37f6c1
2481,0.7298957863762183,2480,2,284a837d2d319f35476eeef77cbb3214d545644cad13c5378b1a29714e37f6c1
2482,0.4562027787906118,2481,2,284a837d2d319f35476eeef77cbb3214d545644cad13c5378b1a29714e37f6c1
2483,0.6156724405585692,2482,2,284a837d2d319f35476eeef77cbb3214d545644cad13c5378b1a29714e37f6c1
2484,0.7072833572351556,2483,2,284a837d2d319f35476eeef77cbb3214d545644cad13c5378b1a29714e37f6c1
2485,0.6729678135002555,2484,2,284a837d2d319f35476eeef77cbb3214d545644cad13c5378b1a29714e37f6c1
2486,0.5036589060003891,2485,2,284a837d2d319f35476eeef77cbb3214d545644cad13c5378b1a29714e37f6c1
2487,0.8289725467270728,2486,2,284a837d2d319f35476eeef77cbb3214d545644cad13c5378b1a29714e37f6c1
2488,0.8571530775774647,2487,2,284a837d2d319f35476eeef77cbb3214d545644cad13c5378b1a29714e37f6c1
2489,0.5479865686793346,2488,2,284a837d2d319f35476eeef77cbb3214d545644cad13c5378b1a29714e37f6c1
2490,0.5610101952627957,2489,2,284a837d2d319f35476eeef77cbb3214d545644cad13c5378b1a29714e37f6c1
2491,0.8014634211140219,2490,2,284a837d2d319f35476eeef77cbb3214d545644cad13c5378b1a29714e37f6c1
2492,0.802351145754983,2491,2,284a837d2d319f35476eeef77cbb3214d545644cad13c5378b1a29714e37f6c1
2493,0.6601854107284453,2492,2,284a837d2d319f35476eeef77cbb3214d545644cad13c5378b1a29714e37f6c1
2494,0.7093264915529289,2493,2,284a837d2d319f35476eeef77cbb3214d545644cad13c5378b1a29714e37f6c1
2495,0.5870877193913202,2494,2,284a837d2d319f35476eeef77cbb3214d545644cad13c5378b1a29714e37f6c1
2496,0.6988805184591911,2495,2,284a837d2d319f35476eeef77cbb3214d545644cad13c5378b1a29714e37f6c1
2497,0.667009061774138,2496,2,284a837d2d319f35476eeef77cbb3214d545644cad13c5378b1a29714e37f6c1
2498,0.774905640311772,2497,2,284a837d2d319f35476eeef77cbb3214d545644cad13c5378b1a29714e37f6c1
2499,0.8053808995900908,2498,2,284a837d2d319f35476eeef77cbb3214d545644cad13c5378b1a29714e37f6c1
2500,0.8008626836390089,2499,2,284a837d2d319f35476eeef77cbb3214d545644cad13c5378b1a29714e37f6c1
2501,0.4831215529320616,2500,2,284a837d2d319f35476eeef77cbb3214d545644cad13c5378b1a29714e37f6c1
2502,0.8741916489039694,2501,2,284a837d2d319f35476eeef77cbb3214d545644cad13c5378b1a29714e37f6c1
2503,0.5982703031745586,2502,2,284a837d2d319f35476eeef77cbb3214d545644cad13c5378b1a29714e37f6c1
2504,0.7315994594907238,2503,2,284a837d2d319f35476eeef77cbb3214d545644cad13c5378b1a29714e37f6c1
2505,0.8045386442629479,2504,2,284a837d2d319f35476eeef77cbb3214d545644cad13c5378b1a29714e37f6c1
2506,0.8117465009054285,2505,2,284a837d2d319f35476eeef77cbb3214d545644cad13c5378b1a29714e37f6c1
2507,0.6670892413385445,2506,2,284a837d2d319f35476eeef77cbb3214d545644cad13c5378b1a29714e37f6c1
2508,0.7714283636305481,2507,2,284a837d2d319f35476eeef77cbb3214d545644cad13c5378b1a29714e37f6c1
2509,0.758859883319019,2508,2,284a837d2d319f35476eeef77cbb3214d545644cad13c5378b1a29714e37f6c1
2510,0.6780603631304984,2509,2,284a837d2d319f35476eeef77cbb3214d545644cad13c5378b1a29714e37f6c1
2511,0.7543975954758935,2510,2,284a837d2d319f35476eeef77cbb3214d545644cad13c5378b1a29714e37f6c1
2512,0.6233095990173751,2511,2,284a837d2d319f35476eeef77cbb3214d545644cad13c5378b1a29714e37f6c1
2513,0.7653212805339602,2512,2,284a837d2d319f35476eeef77cbb3214d545644cad13c5378b1a29714e37f6c1
2514,0.6900196180795319,2513,2,284a837d2d319f35476eeef77cbb3214d545644cad13c5378b1a29714e37f6c1
2515,0.677088024738804,2514,2,284a837d2d319f35476eeef77cbb3214d545644cad13c5378b1a29714e37f6c1
2516,0.8841343985404819,2515,2,284a837d2d319f35476eeef77cbb3214d545644cad13c5378b1a29714e37f6c1
2517,0.6696487073759272,2516,2,284a837d2d319f35476eeef77cbb3214d545644cad13c5378b1a29714e37f6c1
2518,0.5156399107596237,2517,2,284a837d2d319f35476eeef77cbb3214d545644cad13c5378b1a29714e37f6c1
2519,0.8530363967875019,2518,2,284a837d2d319f35476eeef77cbb3214d545644cad13c5378b1a29714e37f6c1
2520,0.6750784005153037,2519,2,284a837d2d319f35476eeef77cbb3214d545644cad13c5378b1a29714e37f6c1
2521,0.8924796376377344,2520,2,284a837d2d319f35476eeef77cbb3214d545644cad13c5378b1a29714e37f6c1
2522,0.5303061087561218,2521,2,284a837d2d319f35476eeef77cbb3214d545644cad13c5378b1a29714e37f6c1
2523,0.7414209812304762,2522,2,284a837d2d319f35476eeef77cbb3214d545644cad13c5378b1a29714e37f6c1
2524,0.6482385255858389,2523,2,284a837d2d319f35476eeef77cbb3214d545644cad13c5378b1a29714e37f6c1
2525,0.6941501406327006,2524,2,284a837d2d319f35476eeef77cbb3214d545644cad13c5378b1a29714e37f6c1
2526,0.796652291319333,2525,2,284a837d2d319f35476eeef77cbb3214d545644cad13c5378b1a29714e37f6c1
2527,0.6925272984326933,2526,2,284a837d2d319f35476eeef77cbb3214d545644cad13c5378b1a29714e37f6c1
2528,0.5826758730706274,2527,2,284a837d2d319f35476eeef77cbb3214d545644cad13c5378b1a29714e37f6c1
2529,0.769232071074839,2528,2,284a837d2d319f35476eeef77cbb3214d545644cad13c5378b1a29714e37f6c1
2530,0.7231412259487797,2529,2,284a837d2d319f35476eeef77cbb3214d545644cad13c5378b1a29714e37f6c1
2531,0.7612209307757496,2530,2,284a837d2d319f35476eeef77cbb3214d545644cad13c5378b1a29714e37f6c1
2532,0.8263684258968427,2531,2,284a837d2d319f35476eeef77cbb3214d545644cad13c5378b1a29714e37f6c1
2533,0.6376211613108183,2532,2,284a837d2d319f35476eeef77cbb3214d545644cad13c5378b1a29714e37f6c1
2534,0.8259499531704932,2533,2,284a837d2d319f35476eeef77cbb3214d545644cad13c5378b1a29714e37f6c1
2535,0.8303895005374216,2534,2,284a837d2d319f35476eeef77cbb3214d545644cad13c5378b1a29714e37f6c1
2536,0.7417450353227224,2535,2,284a837d2d319f35476eeef77cbb3214d545644cad13c5378b1a29714e37f6c1
2537,0.7123767505399883,2536,2,284a837d2d319f35476eeef77cbb3214d545644cad13c5378b1a29714e37f6c1
2538,0.614426440032986,2537,2,284a837d2d319f35476eeef77cbb3214d545644cad13c5378b1a29714e37f6c1
2539,0.8265085912522068,2538,2,284a837d2d319f35476eeef77cbb3214d545644cad13c5378b1a29714e37f6c1
2540,0.8472852458071429,2539,2,284a837d2d319f35476eeef77cbb3214d545644cad13c5378b1a29714e37f6c1
2541,0.6658854000631891,2540,2,284a837d2d319f35476eeef77cbb3214d545644cad13c5378b1a29714e37f6c1
2542,0.7190682169329463,2541,2,284a837d2d319f35476eeef77cbb3214d545644cad13c5378b1a29714e37f6c1
2543,0.7817093661078616,2542,2,284a837d2d319f35476eeef77cbb3214d545644cad13c5378b1a29714e37f6c1
2544,0.7927753016119823,2543,2,284a837d2d319f35476eeef77cbb3214d545644cad13c5378b1a29714e37f6c1
2545,0.5914673820432128,2544,2,284a837d2d319f35476eeef77cbb3214d545644cad13c5378b1a29714e37f6c1
2546,0.662214139326263,2545,2,284a837d2d319f35476eeef77cbb3214d545644cad13c5378b1a29714e37f6c1
2547,0.8100132064032701,2546,2,284a837d2d319f35476eeef77cbb3214d545644cad13c5378b1a29714e37f6c1
2548,0.7149555317882914,2547,2,284a837d2d319f35476eeef77cbb3214d545644cad13c5378b1a29714e37f6c1
2549,0.4592988606171957,2548,2,284a837d2d319f35476eeef77cbb3214d545644cad13c5378b1a29714e37f6c1
2550,0.8259060869872883,2549,2,284a837d2d319f35476eeef77cbb3214d545644cad13c5378b1a29714e37f6c1
2551,0.8768677613334148,2550,2,284a837d2d319f35476eeef77cbb3214d545644cad13c5378b1a29714e37f6c1
2552,0.7517254579712471,2551,2,284a837d2d319f35476eeef77cbb3214d545644cad13c5378b1a29714e37f6c1
2553,0.5865186592653441,2552,2,284a837d2d319f35476eeef77cbb3214d545644cad13c5378b1a29714e37f6c1
2554,0.5960099171571187,2553,2,284a837d2d319f35476eeef77cbb3214d545644cad13c5378b1a29714e37f6c1
2555,0.7506871665536892,2554,2,284a837d2d319f35476eeef77cbb3214d545644cad13c5378b1a29714e37f6c1
2556,0.5364210090287997,2555,2,284a837d2d319f35476eeef77cbb3214d545644cad13c5378b1a29714e37f6c1
2557,0.6556213349331301,2556,2,284a837d2d319f35476eeef77cbb3214d545644cad13c5378b1a29714e37f6c1
2558,0.6612470957210855,2557,2,284a837d2d319f35476eeef77cbb3214d545644cad13c5378b1a29714e37f6c1
2559,0.8351813685731031,2558,2,284a837d2d319f35476eeef77cbb3214d545644cad13c5378b1a29714e37f6c1
2560,0.7879079969134182,2559,2,284a837d2d319f35476eeef77cbb3214d545644cad13c5378b1a29714e37f6c1
2561,0.7310321177132266,2560,2,284a837d2d319f35476eeef77cbb3214d545644cad13c5378b1a29714e37f6c1
2562,0.8162123775423993,2561,2,284a837d2d319f35476eeef77cbb3214d545644cad13c5378b1a29714e37f6c1
2563,0.6826522944976752,2562,2,284a837d2d319f35476eeef77cbb3214d545644cad13c5378b1a29714e37f6c1
2564,0.7361870415945191,2563,2,284a837d2d319f35476eeef77cbb3214d545644cad13c5378b1a29714e37f6c1
2565,0.6875426944708316,2564,2,284a837d2d319f35476eeef77cbb3214d545644cad13c5378b1a29714e37f6c1
2566,0.5448252890679675,2565,2,284a837d2d319f35476eeef77cbb3214d545644cad13c5378b1a29714e37f6c1
2567,0.7617270766822912,2566,2,284a837d2d319f35476eeef77cbb3214d545644cad13c5378b1a29714e37f6c1
2568,0.4215413762212847,2567,2,284a837d2d319f35476eeef77cbb3214d545644cad13c5378b1a29714e37f6c1
2569,0.6673284380085533,2568,2,284a837d2d319f35476eeef77cbb3214d545644cad13c5378b1a29714e37f6c1
2570,0.6837013037415041,2569,2,284a837d2d319f35476eeef77cbb3214d545644cad13c5378b1a29714e37f6c1
2571,0.6638235041070258,2570,2,284a837d2d319f35476eeef77cbb3214d545644cad13c5378b1a29714e37f6c1
2572,0.766180748783647,2571,2,284a837d2d319f35476eeef77cbb3214d545644cad13c5378b1a29714e37f6c1
2573,0.4786922739389325,2572,2,284a837d2d319f35476eeef77cbb3214d545644cad13c5378b1a29714e37f6c1
2574,0.6654034076782409,2573,2,284a837d2d319f35476eeef77cbb3214d545644cad13c5378b1a29714e37f6c1
2575,0.542429943403802,2574,2,284a837d2d319f35476eeef77cbb3214d545644cad13c5378b1a29714e37f6c1
2576,0.5487857574494228,2575,2,284a837d2d319f35476eeef77cbb3214d545644cad13c5378b1a29714e37f6c1
2577,0.556430050398546,2576,2,284a837d2d319f35476eeef77cbb3214d545644cad13c5378b1a29714e37f6c1
2578,0.8219581863668282,2577,2,284a837d2d319f35476eeef77cbb3214d545644cad13c5378b1a29714e37f6c1
2579,0.7916272622378528,2578,2,284a837d2d319f35476eeef77cbb3214d545644cad13c5378b1a29714e37f6c1
2580,0.5990014044218697,2579,2,284a837d2d319f35476eeef77cbb3214d545644cad13c5378b1a29714e37f6c1
2581,0.8180316604547784,2580,2,284a837d2d319f35476eeef77cbb3214d545644cad13c5378b1a29714e37f6c1
2582,0.7215881829295228,2581,2,284a837d2d319f35476eeef77cbb3214d545644cad13c5378b1a29714e37f6c1
2583,0.8540285624513615,2582,2,284a837d2d319f35476eeef77cbb3214d545644cad13c5378b1a29714e37f6c1
2584,0.8302626758802489,2583,2,284a837d2d319f35476eeef77cbb3214d545644cad13c5378b1a29714e37f6c1
2585,0.7876867148006568,2584,2,284a837d2d319f35476eeef77cbb3214d545644cad13c5378b1a29714e37f6c1
2586,0.6552214137682313,2585,2,284a837d2d319f35476eeef77cbb3214d545644cad13c5378b1a29714e37f6c1
2587,0.4840863144914067,2586,2,284a837d2d319f35476eeef77cbb3214d545644cad13c5378b1a29714e37f6c1
2588,0.819355793952127,2587,2,284a837d2d319f35476eeef77cbb3214d545644cad13c5378b1a29714e37f6c1
2589,0.4545849665224711,2588,2,284a837d2d319f35476eeef77cbb3214d545644cad13c5378b1a29714e37f6c1
2590,0.5672811577678658,2589,2,284a837d2d319f35476eeef77cbb3214d545644cad13c5378b1a29714e37f6c1
2591,0.6862582225585356,2590,2,284a837d2d319f35476eeef77cbb3214d545644cad13c5378b1a29714e37f6c1
2592,0.7968165937736558,2591,2,284a837d2d319f35476eeef77cbb3214d545644cad13c5378b1a29714e37f6c1
2593,0.6657907089656874,2592,2,284a837d2d319f35476eeef77cbb3214d545644cad13c5378b1a29714e37f6c1
2594,0.6808152167359367,2593,2,284a837d2d319f35476eeef77cbb3214d545644cad13c5378b1a29714e37f6c1
2595,0.8718539649790387,2594,2,284a837d2d319f35476eeef77cbb3214d545644cad13c5378b1a29714e37f6c1
2596,0.6135275374672347,2595,2,284a837d2d319f35476eeef77cbb3214d545644cad13c5378b1a29714e37f6c1
2597,0.6388639366290523,2596,2,284a837d2d319f35476eeef77cbb3214d545644cad13c5378b1a29714e37f6c1
2598,0.7827578716176049,2597,2,284a837d2d319f35476eeef77cbb3214d545644cad13c5378b1a29714e37f6c1
2599,0.807288764597871,2598,2,284a837d2d319f35476eeef77cbb3214d545644cad13c5378b1a29714e37f6c1
2600,0.5919450424844399,2599,2,284a837d2d319f35476eeef77cbb3214d545644cad13c5378b1a29714e37f6c1
2601,0.736842290783776,2600,2,284a837d2d319f35476eeef77cbb3214d545644cad13c5378b1a29714e37f6c1
2602,0.7355003518314334,2601,2,284a837d2d319f35476eeef77cbb3214d545644cad13c5378b1a29714e37f6c1
2603,0.6432270151599369,2602,2,284a837d2d319f35476eeef77cbb3214d545644cad13c5378b1a29714e37f6c1
2604,0.7904874877806876,2603,2,284a837d2d319f35476eeef77cbb3214d545644cad13c5378b1a29714e37f6c1
2605,0.7483756776000092,2604,2,284a837d2d319f35476eeef77cbb3214d545644cad13c5378b1a29714e37f6c1
2606,0.882999845716995,2605,2,284a837d2d319f35476eeef77cbb3214d545644cad13c5378b1a29714e37f6c1
2607,0.7658865363983067,2606,2,284a837d2d319f35476eeef77cbb3214d545644cad13c5378b1a29714e37f6c1
2608,0.8385716992197558,2607,2,284a837d2d319f35476eeef77cbb3214d545644cad13c5378b1a29714e37f6c1
2609,0.753178570671647,2608,2,284a837d2d319f35476eeef77cbb3214d545644cad13c5378b1a29714e37f6c1
2610,0.7041589932059651,2609,2,284a837d2d319f35476eeef77cbb3214d545644cad13c5378b1a29714e37f6c1
2611,0.5925019127098246,2610,2,284a837d2d319f35476eeef77cbb3214d545644cad13c5378b1a29714e37f6c1
2612,0.6936976065626368,2611,2,284a837d2d319f35476eeef77cbb3214d545644cad13c5378b1a29714e37f6c1
2613,0.6968706797342747,2612,2,284a837d2d319f35476eeef77cbb3214d545644cad13c5378b1a29714e37f6c1
2614,0.5847905217378866,2613,2,284a837d2d319f35476eeef77cbb3214d545644cad13c5378b1a29714e37f6c1
2615,0.8099723409068247,2614,2,284a837d2d319f35476eeef77cbb3214d545644cad13c5378b1a29714e37f6c1
2616,0.4957064982696355,2615,2,284a837d2d319f35476eeef77cbb3214d545644cad13c5378b1a29714e37f6c1
2617,0.7041062840585255,2616,2,284a837d2d319f35476eeef77cbb3214d545644cad13c5378b1a29714e37f6c1
2618,0.6084987413394409,2617,2,284a837d2d319f35476eeef77cbb3214d545644cad13c5378b1a29714e37f6c1
2619,0.5806256852437741,2618,2,284a837d2d319f35476eeef77cbb3214d545644cad13c5378b1a29714e37f6c1
2620,0.5706202793538182,2619,2,284a837d2d319f35476eeef77cbb3214d545644cad13c5378b1a29714e37f6c1
2621,0.8439701089519076,2620,2,284a837d2d319f35476eeef77cbb3214d545644cad13c5378b1a29714e37f6c1
2622,0.586242176773951,2621,2,284a837d2d319f35476eeef77cbb3214d545644cad13c5378b1a29714e37f6c1
2623,0.5107255101784176,2622,2,284a837d2d319f35476eeef77cbb3214d545644cad13c5378b1a29714e37f6c1
2624,0.8139702646255955,2623,2,284a837d2d319f35476eeef77cbb3214d545644cad13c5378b1a29714e37f6c1
2625,0.7318300846891361,2624,2,284a837d2d319f35476eeef77cbb3214d545644cad13c5378b1a29714e37f6c1
2626,0.7193293644377263,2625,2,284a837d2d319f35476eeef77cbb3214d545644cad13c5378b1a29714e37f6c1
2627,0.5595730925206226,2626,2,284a837d2d319f35476eeef77cbb3214d545644cad13c5378b1a29714e37f6c1
2628,0.7949291274678671,2627,2,284a837d2d319f35476eeef77cbb3214d545644cad13c5378b1a29714e37f6c1
2629,0.8928087639505975,2628,2,284a837d2d319f35476eeef77cbb3214d545644cad13c5378b1a29714e37f6c1
2630,0.8096242226893082,2629,2,284a837d2d319f35476eeef77cbb3214d545644cad13c5378b1a29714e37f6c1
2631,0.8453193148598075,2630,2,284a837d2d319f35476eeef77cbb3214d545644cad13c5378b1a29714e37f6c1
2632,0.8410624456398637,2631,2,284a837d2d319f35476eeef77cbb3214d545644cad13c5378b1a29714e37f6c1
2633,0.8454499543113343,2632,2,284a837d2d319f35476eeef77cbb3214d545644cad13c5378b1a29714e37f6c1
2634,0.6757915695852716,2633,2,284a837d2d319f35476eeef77cbb3214d545644cad13c5378b1a29714e37f6c1
2635,0.5316848237998784,2634,2,284a837d2d319f35476eeef77cbb3214d545644cad13c5378b1a29714e37f6c1
2636,0.8291070507693803,2635,2,284a837d2d319f35476eeef77cbb3214d545644cad13c5378b1a29714e37f6c1
2637,0.5566482527619883,2636,2,284a837d2d319f35476eeef77cbb3214d545644cad13c5378b1a29714e37f6c1
2638,0.6132548090390628,2637,2,284a837d2d319f35476eeef77cbb3214d545644cad13c5378b1a29714e37f6c1
2639,0.7544904592630246,2638,2,284a837d2d319f35476eeef77cbb3214d545644cad13c5378b1a29714e37f6c1
2640,0.7064542242472847,2639,2,284a837d2d319f35476eeef77cbb3214d545644cad13c5378b1a29714e37f6c1
2641,0.5290483080769639,2640,2,284a837d2d319f35476eeef77cbb3214d545644cad13c5378b1a29714e37f6c1
2642,0.5244105007741382,2641,2,284a837d2d319f35476eeef77cbb3214d545644cad13c5378b1a29714e37f6c1
2643,0.6304189855600271,2642,2,284a837d2d319f35476eeef77cbb3214d545644cad13c5378b1a29714e37f6c1
2644,0.6241209503989467,2643,2,284a837d2d319f35476eeef77cbb3214d545644cad13c5378b1a29714e37f6c1
2645,0.7788180886785199,2644,2,284a837d2d319f35476eeef77cbb3214d545644cad13c5378b1a29714e37f6c1
2646,0.7820877934573218,2645,2,284a837d2d319f35476eeef77cbb3214d545644cad13c5378b1a29714e37f6c1
2647,0.855222582150418,2646,2,284a837d2d319f35476eeef77cbb3214d545644cad13c5378b1a29714e37f6c1
2648,0.5903998824149195,2647,2,284a837d2d319f35476eeef77cbb3214d545644cad13c5378b1a29714e37f6c1
2649,0.7209996451965708,2648,2,284a837d2d319f35476eeef77cbb3214d545644cad13c5378b1a29714e37f6c1
2650,0.8283811982228144,2649,2,284a837d2d319f35476eeef77cbb3214d545644cad13c5378b1a29714e37f6c1
2651,0.8662610814208165,2650,2,284a837d2d319f35476eeef77cbb3214d545644cad13c5378b1a29714e37f6c1
2652,0.5079004366209112,2651,2,284a837d2d319f35476eeef77cbb3214d545644cad13c5378b1a29714e37f6c1
2653,0.742620749956032,2652,2,284a837d2d319f35476eeef77cbb3214d545644cad13c5378b1a29714e37f6c1
2654,0.6152386315130268,2653,2,284a837d2d319f35476eeef77cbb3214d545644cad13c5378b1a29714e37f6c1
2655,0.8142090806359192,2654,2,284a837d2d319f35476eeef77cbb3214d545644cad13c5378b1a29714e37f6c1
2656,0.6614512794980719,2655,2,284a837d2d319f35476eeef77cbb3214d545644cad13c5378b1a29714e37f6c1
2657,0.530961420146923,2656,2,284a837d2d319f35476eeef77cbb3214d545644cad13c5378b1a29714e37f6c1
2658,0.9614679822698236,2657,2,284a837d2d319f35476eeef77cbb3214d545644cad13c5378b1a29714e37f6c1
2659,0.7533548677248163,2658,2,284a837d2d319f35476eeef77cbb3214d545644cad13c5378b1a29714e37f6c1
2660,0.6476602796465158,2659,2,284a837d2d319f35476eeef77cbb3214d545644cad13c5378b1a29714e37f6c1
2661,0.7486331425534445,2660,2,284a837d2d319f35476eeef77cbb3214d545644cad13c5378b1a29714e37f6c1
2662,0.7713411148288287,2661,2,284a837d2d319f35476eeef77cbb3214d545644cad13c5378b1a29714e37f6c1
2663,0.7758511685078702,2662,2,284a837d2d319f35476eeef77cbb3214d545644cad13c5378b1a29714e37f6c1
2664,0.737879119910275,2663,2,284a837d2d319f35476eeef77cbb3214d545644cad13c5378b1a29714e37f6c1
2665,0.4677176444256474,2664,2,284a837d2d319f35476eeef77cbb3214d545644cad13c5378b1a29714e37f6c1
2666,0.6061533541895361,2665,2,284a837d2d319f35476eeef77cbb3214d545644cad13c5378b1a29714e37f6c1
2667,0.7458534688339569,2666,2,284a837d2d319f35476eeef77cbb3214d545644cad13c5378b1a29714e37f6c1
2668,0.7492780180073169,2667,2,284a837d2d319f35476eeef77cbb3214d545644cad13c5378b1a29714e37f6c1
2669,0.6495411096793031,2668,2,284a837d2d319f35476eeef77cbb3214d545644cad13c5378b1a29714e37f6c1
2670,0.6455904616109933,2669,2,284a837d2d319f35476eeef77cbb3214d545644cad13c5378b1a29714e37f6c1
2671,0.7838298303955185,2670,2,284a837d2d319f35476eeef77cbb3214d545644cad13c5378b1a29714e37f6c1
2672,0.8392249201060622,2671,2,284a837d2d319f35476eeef77cbb3214d545644cad13c5378b1a29714e37f6c1
2673,0.7304488809068062,2672,2,284a837d2d319f35476eeef77cbb3214d545644cad13c5378b1a29714e37f6c1
2674,0.8759869617642835,2673,2,284a837d2d319f35476eeef77cbb3214d545644cad13c5378b1a29714e37f6c1
2675,0.7661817697456854,2674,2,284a837d2d319f35476eeef77cbb3214d545644cad13c5378b1a29714e37f6c1
2676,0.7704470942553598,2675,2,284a837d2d319f35476eeef77cbb3214d545644cad13c5378b1a29714e37f6c1
2677,0.7817448606861035,2676,2,284a837d2d319f35476eeef77cbb3214d545644cad13c5378b1a29714e37f6c1
2678,0.833733130051769,2677,2,284a837d2d319f35476eeef77cbb3214d545644cad13c5378b1a29714e37f6c1
2679,0.6954273411474148,2678,2,284a837d2d319f35476eeef77cbb3214d545644cad13c5378b1a29714e37f6c1
2680,0.8087260836655332,2679,2,284a837d2d319f35476eeef77cbb3214d545644cad13c5378b1a29714e37f6c1
2681,0.752892213177347,2680,2,284a837d2d319f35476eeef77cbb3214d545644cad13c5378b1a29714e37f6c1
2682,0.69766275435029,2681,2,284a837d2d319f35476eeef77cbb3214d545644cad13c5378b1a29714e37f6c1
2683,0.768041878574877,2682,2,284a837d2d319f35476eeef77cbb3214d545644cad13c5378b1a29714e37f6c1
2684,0.6695474540711075,2683,2,284a837d2d319f35476eeef77cbb3214d545644cad13c5378b1a29714e37f6c1
2685,0.6022013746451478,2684,2,284a837d2d319f35476eeef77cbb3214d545644cad13c5378b1a29714e37f6c1
2686,0.5111101476553885,2685,2,284a837d2d319f35476eeef77cbb3214d545644cad13c5378b1a29714e37f6c1
2687,0.6442957083896834,2686,2,284a837d2d319f35476eeef77cbb3214d545644cad13c5378b1a29714e37f6c1
2688,0.7182288869688838,2687,2,284a837d2d319f35476eeef77cbb3214d545644cad13c5378b1a29714e37f6c1
2689,0.7297964756144211,2688,2,284a837d2d319f35476eeef77cbb3214d545644cad13c5378b1a29714e37f6c1
2690,0.678948733078379,2689,2,284a837d2d319f35476eeef77cbb3214d545644cad13c5378b1a29714e37f6c1
2691,0.7199867308372632,2690,2,284a837d2d319f35476eeef77cbb3214d545644cad13c5378b1a29714e37f6c1
2692,0.7678132949618686,2691,2,284a837d2d319f35476eeef77cbb3214d545644cad13c5378b1a29714e37f6c1
2693,0.7201868343399838,2692,2,284a837d2d319f35476eeef77cbb3214d545644cad13c5378b1a29714e37f6c1
2694,0.9076584391586948,2693,2,284a837d2d319f35476eeef77cbb3214d545644cad13c5378b1a29714e37f6c1
2695,0.8311163534526713,2694,2,284a837d2d319f35476eeef77cbb3214d545644cad13c5378b1a29714e37f6c1
2696,0.7787401481464258,2695,2,284a837d2d319f35476eeef77cbb3214d545644cad13c5378b1a29714e37f6c1
2697,0.6980248187041099,2696,2,284a837d2d319f35476eeef77cbb3214d545644cad13c5378b1a29714e37f6c1
2698,0.6989578836636379,2697,2,284a837d2d319f35476eeef77cbb3214d545644cad13c5378b1a29714e37f6c1
2699,0.69548830072894,2698,2,284a837d2d319f35476eeef77cbb3214d545644cad13c5378b1a29714e37f6c1
2700,0.9157034903764724,2699,2,284a837d2d319f35476eeef77cbb3214d545644cad13c5378b1a29714e37f6c1
2701,0.8291372891690116,2700,2,284a837d2d319f35476eeef77cbb3214d545644cad13c5378b1a29714e37f6c1
2702,0.6653060620915312,2701,2,284a837d2d319f35476eeef77cbb3214d545644cad13c5378b1a29714e37f6c1
2703,0.7878585707821912,2702,2,284a837d2d319f35476eeef77cbb3214d545644cad13c5378b1a29714e37f6c1
2704,0.6124287136844941,2703,2,284a837d2d319f35476eeef77cbb3214d545644cad13c5378b1a29714e37f6c1
2705,0.7025824864481436,2704,2,284a837d2d319f35476eeef77cbb3214d545644cad13c5378b1a29714e37f6c1
2706,0.6848394710759838,2705,2,284a837d2d319f35476eeef77cbb3214d545644cad13c5378b1a29714e37f6c1
2707,0.499228020395094,2706,2,284a837d2d319f35476eeef77cbb3214d545644cad13c5378b1a29714e37f6c1
2708,0.6991081600172038,2707,2,284a837d2d319f35476eeef77cbb3214d545644cad13c5378b1a29714e37f6c1
2709,0.6200278578027927,2708,2,284a837d2d319f35476eeef77cbb3214d545644cad13c5378b1a29714e37f6c1
2710,0.7065120860206662,2709,2,284a837d2d319f35476eeef77cbb3214d545644cad13c5378b1a29714e37f6c1
2711,0.6293347315486244,2710,2,284a837d2d319f35476eeef77cbb3214d545644cad13c5378b1a29714e37f6c1
2712,0.6493826084114745,2711,2,284a837d2d319f35476eeef77cbb3214d545644cad13c5378b1a29714e37f6c1
2713,0.6786851856076697,2712,2,284a837d2d319f35476eeef77cbb3214d545644cad13c5378b1a29714e37f6c1
2714,0.6723608913162025,2713,2,284a837d2d319f35476eeef77cbb3214d545644cad13c5378b1a29714e37f6c1
2715,0.8215676941908896,2714,2,284a837d2d319f35476eeef77cbb3214d545644cad13c5378b1a29714e37f6c1
2716,0.7829553546325769,2715,2,284a837d2d319f35476eeef77cbb3214d545644cad13c5378b1a29714e37f6c1
2717,0.8169449928249151,2716,2,284a837d2d319f35476eeef77cbb3214d545644cad13c5378b1a29714e37f6c1
2718,0.4780980099940279,2717,2,284a837d2d319f35476eeef77cbb3214d545644cad13c5378b1a29714e37f6c1
2719,0.6681351559818722,2718,2,284a837d2d319f35476eeef77cbb3214d545644cad13c5378b1a29714e37f6c1
2720,0.6493061093642609,2719,2,284a837d2d319f35476eeef77cbb3214d545644cad13c5378b1a29714e37f6c1
2721,0.7703663543563124,2720,2,284a837d2d319f35476eeef77cbb3214d545644cad13c5378b1a29714e37f6c1
2722,0.7709113153396174,2721,2,284a837d2d319f35476eeef77cbb3214d545644cad13c5378b1a29714e37f6c1
2723,0.7077558312782912,2722,2,284a837d2d319f35476eeef77cbb3214d545644cad13c5378b1a29714e37f6c1
2724,0.6582124749402283,2723,2,284a837d2d319f35476eeef77cbb3214d545644cad13c5378b1a29714e37f6c1
2725,0.7621537002512397,2724,2,284a837d2d319f35476eeef77cbb3214d545644cad13c5378b1a29714e37f6c1
2726,0.7136132126543089,2725,2,284a837d2d319f35476eeef77cbb3214d545644cad13c5378b1a29714e37f6c1
2727,0.8384755080433024,2726,2,284a837d2d319f35476eeef77cbb3214d545644cad13c5378b1a29714e37f6c1
2728,0.8196771856746636,2727,2,284a837d2d319f35476eeef77cbb3214d545644cad13c5378b1a29714e37f6c1
2729,0.5928137276241188,2728,2,284a837d2d319f35476eeef77cbb3214d545644cad13c5378b1a29714e37f6c1
2730,0.6608660097990651,2729,2,284a837d2d319f35476eeef77cbb3214d545644cad13c5378b1a29714e37f6c1
2731,0.8496890156529844,2730,2,284a837d2d319f35476eeef77cbb3214d545644cad13c5378b1a29714e37f6c1
2732,0.7948983983951621,2731,2,284a837d2d319f35476eeef77cbb3214d545644cad13c5378b1a29714e37f6c1
2733,0.6572556424719949,2732,2,284a837d2d319f35476eeef77cbb3214d545644cad13c5378b1a29714e37f6c1
2734,0.8743809245061129,2733,2,284a837d2d319f35476eeef77cbb3214d545644cad13c5378b1a29714e37f6c1
2735,0.7660082687070826,2734,2,284a837d2d319f35476eeef77cbb3214d545644cad13c5378b1a29714e37f6c1
2736,0.8867432289407589,2735,2,284a837d2d319f35476eeef77cbb3214d545644cad13c5378b1a29714e37f6c1
2737,0.7227449918296571,2736,2,284a837d2d319f35476eeef77cbb3214d545644cad13c5378b1a29714e37f6c1
2738,0.601312179273009,2737,2,284a837d2d319f35476eeef77cbb3214d545644cad13c5378b1a29714e37f6c1
2739,0.6335829392623964,2738,2,284a837d2d319f35476eeef77cbb3214d545644cad13c5378b1a29714e37f6c1
2740,0.7341697782248957,2739,2,284a837d2d319f35476eeef77cbb3214d545644cad13c5378b1a29714e37f6c1
2741,0.6625572960344925,2740,2,284a837d2d319f35476eeef77cbb3214d545644cad13c5378b1a29714e37f6c1
2742,0.8849583526898641,2741,2,284a837d2d319f35476eeef77cbb3214d545644cad13c5378b1a29714e37f6c1
2743,0.5887868482259364,2742,2,284a837d2d319f35476eeef77cbb3214d545644cad13c5378b1a29714e37f6c1
2744,0.5697056408102172,2743,2,284a837d2d319f35476eeef77cbb3214d545644cad13c5378b1a29714e37f6c1
2745,0.7078266641169588,2744,2,284a837d2d319f35476eeef77cbb3214d545644cad13c5378b1a29714e37f6c1
2746,0.6728380049558882,2745,2,284a837d2d319f35476eeef77cbb3214d545644cad13c5378b1a29714e37f6c1
2747,0.8126900915422937,2746,2,284a837d2d319f35476eeef77cbb3214d545644cad13c5378b1a29714e37f6c1
2748,0.7233793429913931,2747,2,284a837d2d319f35476eeef77cbb3214d545644cad13c5378b1a29714e37f6c1
2749,0.5523651285786855,2748,2,284a837d2d319f35476eeef77cbb3214d545644cad13c5378b1a29714e37f6c1
2750,0.739569335768465,2749,2,284a837d2d319f35476eeef77cbb3214d545644cad13c5378b1a29714e37f6c1
2751,0.6116467723113601,2750,2,284a837d2d319f35476eeef77cbb3214d545644cad13c5378b1a29714e37f6c1
2752,0.7683285589160644,2751,2,284a837d2d319f35476eeef77cbb3214d545644cad13c5378b1a29714e37f6c1
2753,0.6436908520909128,2752,2,284a837d2d319f35476eeef77cbb3214d545644cad13c5378b1a29714e37f6c1
2754,0.6582199333383869,2753,2,284a837d2d319f35476eeef77cbb3214d545644cad13c5378b1a29714e37f6c1
2755,0.6958935270740767,2754,2,284a837d2d319f35476eeef77cbb3214d545644cad13c5378b1a29714e37f6c1
2756,0.5218102481089772,2755,2,284a837d2d319f35476eeef77cbb3214d545644cad13c5378b1a29714e37f6c1
2757,0.5796384003429296,2756,2,284a837d2d319f35476eeef77cbb3214d545644cad13c5378b1a29714e37f6c1
2758,0.813818592519965,2757,2,284a837d2d319f35476eeef77cbb3214d545644cad13c5378b1a29714e37f6c1
2759,0.8280942627461627,2758,2,284a837d2d319f35476eeef77cbb3214d545644cad13c5378b1a29714e37f6c1
2760,0.7470366885690964,2759,2,284a837d2d319f35476eeef77cbb3214d545644cad13c5378b1a29714e37f6c1
2761,0.642094491581755,2760,2,284a837d2d319f35476eeef77cbb3214d545644cad13c5378b1a29714e37f6c1
2762,0.8147225422055726,2761,2,284a837d2d319f35476eeef77cbb3214d545644cad13c5378b1a29714e37f6c1
2763,0.7364966815674734,2762,2,284a837d2d319f35476eeef77cbb3214d545644cad13c5378b1a29714e37f6c1
2764,0.8565112099640828,2763,2,284a837d2d319f35476eeef77cbb3214d545644cad13c5378b1a29714e37f6c1
2765,0.5136246044312429,2764,2,284a837d2d319f35476eeef77cbb3214d545644cad13c5378b1a29714e37f6c1
2766,0.4993309272249462,2765,2,284a837d2d319f35476eeef77cbb3214d545644cad13c5378b1a29714e37f6c1
2767,0.892497458960861,2766,2,284a837d2d319f35476eeef77cbb3214d545644cad13c5378b1a29714e37f6c1
2768,0.5587232517681399,2767,2,284a837d2d319f35476eeef77cbb3214d545644cad13c5378b1a29714e37f6c1
2769,0.7780014953459613,2768,2,284a837d2d319f35476eeef77cbb3214d545644cad13c5378b1a29714e37f6c1
2770,0.5535799388296709,2769,2,284a837d2d319f35476eeef77cbb3214d545644cad13c5378b1a29714e37f6c1
2771,0.4579986032986198,2770,2,284a837d2d319f35476eeef77cbb3214d545644cad13c5378b1a29714e37f6c1
2772,0.8250027167137084,2771,2,284a837d2d319f35476eeef77cbb3214d545644cad13c5378b1a29714e37f6c1
2773,0.785337457928108,2772,2,284a837d2d319f35476eeef77cbb3214d545644cad13c5378b1a29714e37f6c1
2774,0.8876699097966139,2773,2,284a837d2d319f35476eeef77cbb3214d545644cad13c5378b1a29714e37f6c1
2775,0.7419141576049831,2774,2,284a837d2d319f35476eeef77cbb3214d545644cad13c5378b1a29714e37f6c1
2776,0.6650157303083688,2775,2,284a837d2d319f35476eeef77cbb3214d545644cad13c5378b1a29714e37f6c1
2777,0.6228307303255178,2776,2,284a837d2d319f35476eeef77cbb3214d545644cad13c5378b1a29714e37f6c1
2778,0.7649966076751298,2777,2,284a837d2d319f35476eeef77cbb3214d545644cad13c5378b1a29714e37f6c1
2779,0.6956398040654719,2778,2,284a837d2d319f35476eeef77cbb3214d545644cad13c5378b1a29714e37f6c1
2780,0.7127798633145377,2779,2,284a837d2d319f35476eeef77cbb3214d545644cad13c5378b1a29714e37f6c1
2781,0.821304981182152,2780,2,284a837d2d319f35476eeef77cbb3214d545644cad13c5378b1a29714e37f6c1
2782,0.8071375133295078,2781,2,284a837d2d319f35476eeef77cbb3214d545644cad13c5378b1a29714e37f6c1
2783,0.7763003152203964,2782,2,284a837d2d319f35476eeef77cbb3214d545644cad13c5378b1a29714e37f6c1
2784,0.8920877772661342,2783,2,284a837d2d319f35476eeef77cbb3214d545644cad13c5378b1a29714e37f6c1
2785,0.7266326330081938,2784,2,284a837d2d319f35476eeef77cbb3214d545644cad13c5378b1a29714e37f6c1
2786,0.6705930634998367,2785,2,284a837d2d319f35476eeef77cbb3214d545644cad13c5378b1a29714e37f6c1
2787,0.7642460279450063,2786,2,284a837d2d319f35476eeef77cbb3214d545644cad13c5378b1a29714e37f6c1
2788,0.7251439393876353,2787,2,284a837d2d319f35476eeef77cbb3214d545644cad13c5378b1a29714e37f6c1
2789,0.933333494584076,2788,2,284a837d2d319f35476eeef77cbb3214d545644cad13c5378b1a29714e37f6c1
2790,0.731254506726259,2789,2,284a837d2d319f35476eeef77cbb3214d545644cad13c5378b1a29714e37f6c1
